{"T1": {"1": [0.0001491085970951816, 0.00011566197437256953, 0.0001360202384737979, 0.00017108476927115725, 0.0001793804741502981, 0.00019760850683774253, 0.00017643138838421574], "2": [0.0001491085970951816, 0.00011566197437256953, 0.0001360202384737979, 0.00017108476927115725, 0.0001793804741502981, 0.00019760850683774253, 0.00017643138838421574], "3": [0.0001491085970951816, 0.00011566197437256953, 0.0001360202384737979, 0.00017108476927115725, 0.0001793804741502981, 0.00019760850683774253, 0.00017643138838421574], "4": [0.0001491085970951816, 0.00011566197437256953, 0.0001360202384737979, 0.00017108476927115725, 0.0001793804741502981, 0.00019760850683774253, 0.00017643138838421574], "5": [0.0001491085970951816, 0.00011566197437256953, 0.0001360202384737979, 0.00017108476927115725, 0.0001793804741502981, 0.00019760850683774253, 0.00017643138838421574], "6": [0.0001491085970951816, 0.00011566197437256953, 0.0001360202384737979, 0.00017108476927115725, 0.0001793804741502981, 0.00019760850683774253, 0.00017643138838421574], "7": [0.0001491085970951816, 0.00011566197437256953, 0.0001360202384737979, 0.00017108476927115725, 0.0001793804741502981, 0.00019760850683774253, 0.00017643138838421574], "8": [0.0001491085970951816, 0.00011566197437256953, 0.0001360202384737979, 0.00017108476927115725, 0.0001793804741502981, 0.00019760850683774253, 0.00017643138838421574], "9": [0.0001491085970951816, 0.00011566197437256953, 0.0001360202384737979, 0.00017108476927115725, 0.0001793804741502981, 0.00019760850683774253, 0.00017643138838421574], "10": [0.0001491085970951816, 0.00011566197437256953, 0.0001360202384737979, 0.00017108476927115725, 0.0001793804741502981, 0.00019760850683774253, 0.00017643138838421574], "11": [0.0001491085970951816, 0.00011566197437256953, 0.0001360202384737979, 0.00017108476927115725, 0.0001793804741502981, 0.00019760850683774253, 0.00017643138838421574], "12": [0.0001491085970951816, 0.00011566197437256953, 0.0001360202384737979, 0.00017108476927115725, 0.0001793804741502981, 0.00019760850683774253, 0.00017643138838421574], "13": [0.0001491085970951816, 0.00011566197437256953, 0.0001360202384737979, 0.00017108476927115725, 0.0001793804741502981, 0.00019760850683774253, 0.00017643138838421574], "14": [0.0001491085970951816, 0.00011566197437256953, 0.0001360202384737979, 0.00017108476927115725, 0.0001793804741502981, 0.00019760850683774253, 0.00017643138838421574], "15": [0.0001491085970951816, 0.00011566197437256953, 0.0001360202384737979, 0.00017108476927115725, 0.0001793804741502981, 0.00019760850683774253, 0.00017643138838421574], "16": [0.0001491085970951816, 0.00011566197437256953, 0.0001360202384737979, 0.00017108476927115725, 0.0001793804741502981, 0.00019760850683774253, 0.00017643138838421574], "17": [0.0001491085970951816, 0.00011566197437256953, 0.0001360202384737979, 0.00017108476927115725, 0.0001793804741502981, 0.00019760850683774253, 0.00017643138838421574], "18": [0.0001491085970951816, 0.00011566197437256953, 0.0001360202384737979, 0.00017108476927115725, 0.0001793804741502981, 0.00019760850683774253, 0.00017643138838421574], "19": [0.0001491085970951816, 0.00011566197437256953, 0.0001360202384737979, 0.00017108476927115725, 0.0001793804741502981, 0.00019760850683774253, 0.00017643138838421574], "20": [0.0001491085970951816, 0.00011566197437256953, 0.0001360202384737979, 0.00017108476927115725, 0.0001793804741502981, 0.00019760850683774253, 0.00017643138838421574], "21": [0.0001491085970951816, 0.00011566197437256953, 0.0001360202384737979, 0.00017108476927115725, 0.0001793804741502981, 0.00019760850683774253, 0.00017643138838421574], "22": [0.0001491085970951816, 0.00011566197437256953, 0.0001360202384737979, 0.00017108476927115725, 0.0001793804741502981, 0.00019760850683774253, 0.00017643138838421574], "23": [0.0001491085970951816, 0.00011566197437256953, 0.0001360202384737979, 0.00017108476927115725, 0.0001793804741502981, 0.00019760850683774253, 0.00017643138838421574], "24": [0.0001491085970951816, 0.00011566197437256953, 0.0001360202384737979, 0.00017108476927115725, 0.0001793804741502981, 0.00019760850683774253, 0.00017643138838421574], "25": [0.0001491085970951816, 0.00011566197437256953, 0.0001360202384737979, 0.00017108476927115725, 0.0001793804741502981, 0.00019760850683774253, 0.00017643138838421574], "26": [0.0001491085970951816, 0.00011566197437256953, 0.0001360202384737979, 0.00017108476927115725, 0.0001793804741502981, 0.00019760850683774253, 0.00017643138838421574], "27": [0.0001491085970951816, 0.00011566197437256953, 0.0001360202384737979, 0.00017108476927115725, 0.0001793804741502981, 0.00019760850683774253, 0.00017643138838421574]}, "T2": {"1": [0.00010830251688254583, 5.686943586070018e-05, 0.00011121680805177394, 0.0001933031228875835, 0.00013844061896058627, 0.00012962799149463495, 0.00012010744685602414], "2": [0.00010830251688254583, 5.686943586070018e-05, 0.00011121680805177394, 0.0001933031228875835, 0.00013844061896058627, 0.00012962799149463495, 0.00012010744685602414], "3": [0.00010830251688254583, 5.686943586070018e-05, 0.00011121680805177394, 0.0001933031228875835, 0.00013844061896058627, 0.00012962799149463495, 0.00012010744685602414], "4": [0.00010830251688254583, 5.686943586070018e-05, 0.00011121680805177394, 0.0001933031228875835, 0.00013844061896058627, 0.00012962799149463495, 0.00012010744685602414], "5": [0.00010830251688254583, 5.686943586070018e-05, 0.00011121680805177394, 0.0001933031228875835, 0.00013844061896058627, 0.00012962799149463495, 0.00012010744685602414], "6": [0.00010830251688254583, 5.686943586070018e-05, 0.00011121680805177394, 0.0001933031228875835, 0.00013844061896058627, 0.00012962799149463495, 0.00012010744685602414], "7": [0.00010830251688254583, 5.686943586070018e-05, 0.00011121680805177394, 0.0001933031228875835, 0.00013844061896058627, 0.00012962799149463495, 0.00012010744685602414], "8": [0.00010830251688254583, 5.686943586070018e-05, 0.00011121680805177394, 0.0001933031228875835, 0.00013844061896058627, 0.00012962799149463495, 0.00012010744685602414], "9": [0.00010830251688254583, 5.686943586070018e-05, 0.00011121680805177394, 0.0001933031228875835, 0.00013844061896058627, 0.00012962799149463495, 0.00012010744685602414], "10": [0.00010830251688254583, 5.686943586070018e-05, 0.00011121680805177394, 0.0001933031228875835, 0.00013844061896058627, 0.00012962799149463495, 0.00012010744685602414], "11": [0.00010830251688254583, 5.686943586070018e-05, 0.00011121680805177394, 0.0001933031228875835, 0.00013844061896058627, 0.00012962799149463495, 0.00012010744685602414], "12": [0.00010830251688254583, 5.686943586070018e-05, 0.00011121680805177394, 0.0001933031228875835, 0.00013844061896058627, 0.00012962799149463495, 0.00012010744685602414], "13": [0.00010830251688254583, 5.686943586070018e-05, 0.00011121680805177394, 0.0001933031228875835, 0.00013844061896058627, 0.00012962799149463495, 0.00012010744685602414], "14": [0.00010830251688254583, 5.686943586070018e-05, 0.00011121680805177394, 0.0001933031228875835, 0.00013844061896058627, 0.00012962799149463495, 0.00012010744685602414], "15": [0.00010830251688254583, 5.686943586070018e-05, 0.00011121680805177394, 0.0001933031228875835, 0.00013844061896058627, 0.00012962799149463495, 0.00012010744685602414], "16": [0.00010830251688254583, 5.686943586070018e-05, 0.00011121680805177394, 0.0001933031228875835, 0.00013844061896058627, 0.00012962799149463495, 0.00012010744685602414], "17": [0.00010830251688254583, 5.686943586070018e-05, 0.00011121680805177394, 0.0001933031228875835, 0.00013844061896058627, 0.00012962799149463495, 0.00012010744685602414], "18": [0.00010830251688254583, 5.686943586070018e-05, 0.00011121680805177394, 0.0001933031228875835, 0.00013844061896058627, 0.00012962799149463495, 0.00012010744685602414], "19": [0.00010830251688254583, 5.686943586070018e-05, 0.00011121680805177394, 0.0001933031228875835, 0.00013844061896058627, 0.00012962799149463495, 0.00012010744685602414],