{"T1": {"1": [0.00020746580359183356, 0.0001499907041169307, 0.0001686982927232371, 0.00011288132882599717, 0.00010545416764740724, 0.00018767942077275922, 0.00017964012600775903], "2": [0.00020746580359183356, 0.0001499907041169307, 0.0001686982927232371, 0.00011288132882599717, 0.00010545416764740724, 0.00018767942077275922, 0.00017964012600775903], "3": [0.00020746580359183356, 0.0001499907041169307, 0.0001686982927232371, 0.00011288132882599717, 0.00010545416764740724, 0.00018767942077275922, 0.00017964012600775903], "4": [0.00020746580359183356, 0.0001499907041169307, 0.0001686982927232371, 0.00011288132882599717, 0.00010545416764740724, 0.00018767942077275922, 0.00017964012600775903], "5": [0.00020746580359183356, 0.0001499907041169307, 0.0001686982927232371, 0.00011288132882599717, 0.00010545416764740724, 0.00018767942077275922, 0.00017964012600775903], "6": [0.00020746580359183356, 0.0001499907041169307, 0.0001686982927232371, 0.00011288132882599717, 0.00010545416764740724, 0.00018767942077275922, 0.00017964012600775903], "7": [0.00020746580359183356, 0.0001499907041169307, 0.0001686982927232371, 0.00011288132882599717, 0.00010545416764740724, 0.00018767942077275922, 0.00017964012600775903], "8": [0.00020746580359183356, 0.0001499907041169307, 0.0001686982927232371, 0.00011288132882599717, 0.00010545416764740724, 0.00018767942077275922, 0.00017964012600775903], "9": [0.00020746580359183356, 0.0001499907041169307, 0.0001686982927232371, 0.00011288132882599717, 0.00010545416764740724, 0.00018767942077275922, 0.00017964012600775903], "10": [0.00020746580359183356, 0.0001499907041169307, 0.0001686982927232371, 0.00011288132882599717, 0.00010545416764740724, 0.00018767942077275922, 0.00017964012600775903], "11": [0.00020746580359183356, 0.0001499907041169307, 0.0001686982927232371, 0.00011288132882599717, 0.00010545416764740724, 0.00018767942077275922, 0.00017964012600775903], "12": [0.00020746580359183356, 0.0001499907041169307, 0.0001686982927232371, 0.00011288132882599717, 0.00010545416764740724, 0.00018767942077275922, 0.00017964012600775903], "13": [0.00020746580359183356, 0.0001499907041169307, 0.0001686982927232371, 0.00011288132882599717, 0.00010545416764740724, 0.00018767942077275922, 0.00017964012600775903], "14": [0.00020746580359183356, 0.0001499907041169307, 0.0001686982927232371, 0.00011288132882599717, 0.00010545416764740724, 0.00018767942077275922, 0.00017964012600775903], "15": [0.00020746580359183356, 0.0001499907041169307, 0.0001686982927232371, 0.00011288132882599717, 0.00010545416764740724, 0.00018767942077275922, 0.00017964012600775903], "16": [0.00020746580359183356, 0.0001499907041169307, 0.0001686982927232371, 0.00011288132882599717, 0.00010545416764740724, 0.00018767942077275922, 0.00017964012600775903], "17": [0.00020746580359183356, 0.0001499907041169307, 0.0001686982927232371, 0.00011288132882599717, 0.00010545416764740724, 0.00018767942077275922, 0.00017964012600775903], "18": [0.00020746580359183356, 0.0001499907041169307, 0.0001686982927232371, 0.00011288132882599717, 0.00010545416764740724, 0.00018767942077275922, 0.00017964012600775903], "19": [0.00020746580359183356, 0.0001499907041169307, 0.0001686982927232371, 0.00011288132882599717, 0.00010545416764740724, 0.00018767942077275922, 0.00017964012600775903], "20": [0.00020746580359183356, 0.0001499907041169307, 0.0001686982927232371, 0.00011288132882599717, 0.00010545416764740724, 0.00018767942077275922, 0.00017964012600775903], "21": [0.00020746580359183356, 0.0001499907041169307, 0.0001686982927232371, 0.00011288132882599717, 0.00010545416764740724, 0.00018767942077275922, 0.00017964012600775903], "22": [0.00020746580359183356, 0.0001499907041169307, 0.0001686982927232371, 0.00011288132882599717, 0.00010545416764740724, 0.00018767942077275922, 0.00017964012600775903], "23": [0.00020746580359183356, 0.0001499907041169307, 0.0001686982927232371, 0.00011288132882599717, 0.00010545416764740724, 0.00018767942077275922, 0.00017964012600775903], "24": [0.00020746580359183356, 0.0001499907041169307, 0.0001686982927232371, 0.00011288132882599717, 0.00010545416764740724, 0.00018767942077275922, 0.00017964012600775903], "25": [0.00020746580359183356, 0.0001499907041169307, 0.0001686982927232371, 0.00011288132882599717, 0.00010545416764740724, 0.00018767942077275922, 0.00017964012600775903], "26": [0.00020746580359183356, 0.0001499907041169307, 0.0001686982927232371, 0.00011288132882599717, 0.00010545416764740724, 0.00018767942077275922, 0.00017964012600775903], "27": [0.00020746580359183356, 0.0001499907041169307, 0.0001686982927232371, 0.00011288132882599717, 0.00010545416764740724, 0.00018767942077275922, 0.00017964012600775903]}, "T2": {"1": [4.5755139338456116e-05, 2.987913073672674e-05, 2.246577852524004e-05, 3.6887706884847926e-05, 7.295603866873957e-05, 6.303808467707049e-05, 2.059383130863911e-05], "2": [4.5755139338456116e-05, 2.987913073672674e-05, 2.246577852524004e-05, 3.6887706884847926e-05, 7.295603866873957e-05, 6.303808467707049e-05, 2.059383130863911e-05], "3": [4.5755139338456116e-05, 2.987913073672674e-05, 2.246577852524004e-05, 3.6887706884847926e-05, 7.295603866873957e-05, 6.303808467707049e-05, 2.059383130863911e-05], "4": [4.5755139338456116e-05, 2.987913073672674e-05, 2.246577852524004e-05, 3.6887706884847926e-05, 7.295603866873957e-05, 6.303808467707049e-05, 2.059383130863911e-05], "5": [4.5755139338456116e-05, 2.987913073672674e-05, 2.246577852524004e-05, 3.6887706884847926e-05, 7.295603866873957e-05, 6.303808467707049e-05, 2.059383130863911e-05], "6": [4.5755139338456116e-05, 2.987913073672674e-05, 2.246577852524004e-05, 3.6887706884847926e-05, 7.295603866873957e-05, 6.303808467707049e-05, 2.059383130863911e-05], "7": [4.5755139338456116e-05, 2.987913073672674e-05, 2.246577852524004e-05, 3.6887706884847926e-05, 7.295603866873957e-05, 6.303808467707049e-05, 2.059383130863911e-05], "8": [4.5755139338456116e-05, 2.987913073672674e-05, 2.246577852524004e-05, 3.6887706884847926e-05, 7.295603866873957e-05, 6.303808467707049e-05, 2.059383130863911e-05], "9": [4.5755139338456116e-05, 2.987913073672674e-05, 2.246577852524004e-05, 3.6887706884847926e-05, 7.295603866873957e-05, 6.303808467707049e-05, 2.059383130863911e-05], "10": [4.5755139338456116e-05, 2.987913073672674e-05, 2.246577852524004e-05, 3.6887706884847926e-05, 7.295603866873957e-05, 6.303808467707049e-05, 2.059383130863911e-05], "11": [4.5755139338456116e-05, 2.987913073672674e-05, 2.246577852524004e-05, 3.6887706884847926e-05, 7.295603866873957e-05, 6.303808467707049e-05, 2.059383130863911e-05], "12": [4.5755139338456116e-05, 2.987913073672674e-05, 2.246577852524004e-05, 3.6887706884847926e-05, 7.295603866873957e-05, 6.303808467707049e-05, 2.059383130863911e-05], "13": [4.5755139338456116e-05, 2.987913073672674e-05, 2.246577852524004e-05, 3.6887706884847926e-05, 7.295603866873957e-05, 6.303808467707049e-05, 2.059383130863911e-05], "14": [4.5755139338456116e-05, 2.987913073672674e-05, 2.246577852524004e-05, 3.6887706884847926e-05, 7.295603866873957e-05, 6.303808467707049e-05, 2.059383130863911e-05], "15": [4.5755139338456116e-05, 2.987913073672674e-05, 2.246577852524004e-05, 3.6887706884847926e-05, 7.295603866873957e-05, 6.303808467707049e-05, 2.059383130863911e-05], "16": [4.5755139338456116e-05, 2.987913073672674e-05, 2.246577852524004e-05, 3.6887706884847926e-05, 7.295603866873957e-05, 6.303808467707049e-05, 2.059383130863911e-05], "17": [4.5755139338456116e-05, 2.987913073672674e-05, 2.246577852524004e-05, 3.6887706884847926e-05, 7.295603866873957e-05, 6.303808467707049e-05, 2.059383130863911e-05], "18": [4.5755139338456116e-05, 2.987913073672674e-05, 2.246577852524004e-05, 3.6887706884847926e-05, 7.295603866873957e-05, 6.303808467707049e-05, 2.059383130863911e-05], "19": [4.5755139338456116e-05, 2.987913073672674e-05, 2.246577852524004e-05, 3.6887706884847926e-05, 7.295603866873957e-05, 6.303808467707049e-05, 2.059383130863911e-05],