{"T1": {"1": [0.00015130160694783445, 0.00012589365972841103, 0.00013130899282028853, 0.00010473624487083751, 9.339491533491822e-05, 8.61368555499499e-05, 0.00015147675783542066], "2": [0.00015130160694783445, 0.00012589365972841103, 0.00013130899282028853, 0.00010473624487083751, 9.339491533491822e-05, 8.61368555499499e-05, 0.00015147675783542066], "3": [6.774929777335744e-05, 0.00014177563969036504, 0.0001977062819678078, 0.00019325509376228578, 0.00011510538398821166, 0.00012172255740862732, 8.666399626378282e-05], "4": [0.0001277646262181041, 0.00011126246167190294, 0.00014416266671542086, 0.00014834304386568013, 0.00011311012374217197, 0.00013136051703885226, 0.00010905746665450858], "5": [0.00013207372725866474, 0.00010756450410051211, 0.00012763092457336548, 0.00015979057299350736, 0.0001486324474470209, 0.00014575886540574398, 6.916655910558015e-05], "6": [6.0339824054097237e-05, 7.129432766953427e-05, 0.00013128764248490103, 0.00015643655640810774, 9.947555920681832e-05, 0.00010795729862400252, 7.038919311550119e-05], "7": [0.0001674769375910452, 0.00014715947683928003, 0.00017789498039020655, 0.0001414980381528342, 9.37824940599195e-05, 9.802067454881489e-05, 9.8052436420877e-05], "8": [0.00012906454940244094, 0.00012703971623487996, 0.00019956704063353576, 0.0001563177439696095, 0.00013521337267042815, 0.00010482859245275163, 0.00017540688116574434], "9": [0.00010924873303631263, 0.00014213937386767285, 0.00019112362410205323, 0.00014235936457103815, 0.0001335789299081312, 8.722824494794407e-05, 0.00011165038548551076], "10": [7.338690146276841e-05, 0.00013864112590329997, 0.00012680162748353993, 0.00020205622292200002, 8.290729355335481e-05, 0.00012120246208336035, 7.120147291352807e-05], "11": [0.0001354315201021245, 0.00012818018294838052, 0.00017319012856952453, 0.0001510516308811043, 7.847674083748726e-05, 0.00013259391723598323, 0.0001489682134928519], "12": [0.00010738736803524214, 0.00010164508398448788, 0.0001178662015567429, 0.00013129907058040814, 8.394932098843404e-05, 0.00014838648884960538, 0.0001489806752423284], "13": [0.00011354599443383836, 0.00011919138509001987, 0.0001942897944740719, 0.000174268459285434, 8.215868650205702e-05, 8.806332635557764e-05, 9.791399298809676e-05], "14": [0.00011354599443383836, 0.00011919138509001987, 0.0001942897944740719, 0.000174268459285434, 8.215868650205702e-05, 8.806332635557764e-05, 9.791399298809676e-05], "15": [0.00011354599443383836, 0.00011919138509001987, 0.0001942897944740719, 0.000174268459285434, 8.215868650205702e-05, 8.806332635557764e-05, 9.791399298809676e-05], "16": [7.84835463729444e-05, 0.0001184164191367355, 0.0001873813924739364, 0.00014195197315194685, 8.724357185634185e-05, 0.00015536972532331523, 0.00017439461788711137], "17": [0.00011456638777145077, 0.000135761025073699, 0.0001786358588986926, 0.00013903397009519417, 8.649156895715312e-05, 0.0001505997551173918, 0.00011650859424910361], "18": [0.00011183007846851675, 0.0001173247675356171, 7.362303145138116e-05, 0.00018097378508035814, 0.00010767742835308092, 0.00019711790568106898, 6.051629555452246e-05], "19": [0.00011427203573458836, 0.0001215662710931793, 0.00014984113381235275, 0.000151699761862861, 9.976560579382329e-05, 0.00015846280284912952, 0.00012610486502408438], "20": [0.00012956858059703471, 8.690528619038188e-05, 0.0001273551041522325, 0.000155081480375301, 0.00011060154701138185, 0.00016148562096070926, 9.697834427038345e-05], "21": [0.0001226631121311648, 6.133542758567396e-05, 0.00016429729406403535, 0.00013256543095229432, 7.332433717222885e-05, 0.00012914129220554897, 0.0001225375696163757], "22": [0.00010198825164276156, 0.00013432315645175937, 6.77594836751488e-05, 0.00013984820661608747, 9.87222454676603e-05, 0.00010885968101596913, 9.597305061986343e-05], "23": [0.00013123793765150186, 0.00011963549275305298, 0.0001543479913574434, 0.0001284257582613641, 0.00010762986928101059, 0.00016557915269595786, 0.00013451419630422404], "24": [9.96967339944553e-05, 0.00011639452735254627, 0.00015672404226492053, 0.0001766131448670345, 0.00011999238854770287, 0.0001481032329695784, 0.00011653416518298179], "25": [0.00011177203341617384, 0.00010784113180767942, 0.00016616183475449395, 0.00014860502161515197, 0.00013855220672750072, 0.00014123879189553785, 0.0001214492057955685], "26": [0.00016049326589685095, 0.00012877554120929382, 0.00011605026211400712, 0.0001567039673479714, 0.00013637612794435719, 0.00013199399510331863, 0.0001855659755753811], "27": [0.00013398868832575062, 9.766903849579648e-05, 9.22675685499775e-05, 0.0001441960250001817, 0.00011690405901287371, 0.00013583887989188128, 0.00013721485838720377], "28": null, "29": null}, "T2": {"1": [3.861720771108742e-05, 8.048116723846868e-05, 5.9299931985546615e-05, 9.071562376199041e-05, 2.075325290188019e-05, 7.444815747559654e-05, 0.00010600681408817491], "2": [3.861720771108742e-05, 8.048116723846868e-05, 5.9299931985546615e-05, 9.071562376199041e-05, 2.075325290188019e-05, 7.444815747559654e-05, 0.00010600681408817491], "3": [3.278841485571886e-05, 9.41953003387287e-05, 0.00010019250060337664, 8.620904284810838e-05, 2.3611041288085938e-05, 6.962788346565595e-05, 6.326419367766246e-05], "4": [3.278841485571886e-05, 9.41953003387287e-05, 0.00010019250060337664, 8.620904284810838e-05, 2.3611041288085938e-05, 6.962788346565595e-05, 6.326419367766246e-05], "5": [4.9691256731988833e-05, 8.969702809425933e-05, 0.00010640042639175113, 7.781457859656917e-05, 3.1341334043640544e-05, 6.15354062022772e-05, 8.101547314632677e-05], "6": [4.297948864015737e-05, 7.520203571213257e-05, 0.00012488583016911982, 8.860075230704282e-05, 2.6139985411116307e-05, 7.313423889199175e-05, 6.525416923162804e-05], "7": [4.14011207808614e-05, 8.985055471827038e-05, 0.00011141394535159774, 0.00010640468952250117, 3.547758988167722e-05, 5.58489749725791e-05, 7.132651427808068e-05], "8": [4.442986682502728e-05, 8.246291053981644e-05, 0.00011169627148967559, 8.969483723886045e-05, 2.9791549665832754e-05, 7.394736942097787e-05, 0.00010298434209023686], "9": [4.7453503797609615e-05, 9.12124015030236e-05, 0.0001751313627087893, 6.600461057734693e-05, 2.961731260598936e-05, 8.212307270320305e-05, 9.09945316957438e-05], "10": [3.922501799055953e-05, 9.742922941134066e-05, 0.0001638728749209728, 0.0001149724870140326, 2.9897802722871276e-05, 9.309614279582805e-05, 8.72368337928606e-05], "11": [3.922501799055953e-05, 9.742922941134066e-05, 0.0001638728749209728, 0.0001149724870140326, 2.9897802722871276e-05, 9.309614279582805e-05, 8.72368337928606e-05], "12": [4.1415083087548535e-05, 8.183966356105489e-05, 0.00014084186923218444, 0.00010165022598316774, 2.607285943703588e-05, 7.597571753610936e-05, 9.424868943346005e-05], "13": [3.9963321787557555e-05, 8.568260858331105e-05, 0.00012670410519352284, 6.997965202973626e-05, 3.1096227796952845e-05, 7.868096765464754e-05, 8.398050960283181e-05], "14": [3.9963321787557555e-05, 8.568260858331105e-05, 0.00012670410519352284, 6.997965202973626e-05, 3.1096227796952845e-05, 7.868096765464754e-05, 8.398050960283181e-05], "15": [3.9963321787557555e-05, 8.568260858331105e-05, 0.00012670410519352284, 6.997965202973626e-05, 3.1096227796952845e-05, 7.868096765464754e-05, 8.398050960283181e-05], "16": [4.415466218718584e-05, 9.649317308512227e-05, 3.891786463681411e-05, 0.00011141098653523171, 3.1225974492085964e-05, 6.68238370001565e-05, 0.00011629441526546791], "17": [4.5657562226003695e-05, 7.855549375136321e-05, 0.00012345216202365946, 0.00011141098653523171, 3.1225974492085964e-05, 8.460872605432732e-05, 0.00011629441526546791], "18": [4.5657562226003695e-05, 7.031719092393475e-05, 0.00012345216202365946, 0.00010875011841326203, 3.1225974492085964e-05, 6.481889340984381e-05, 0.00011629441526546791], "19": [4.42706385763234e-05, 9.872281824310998e-05, 7.128900084890748e-05, 9.109622452906426e-05, 3.0169400776592223e-05, 9.152948700807307e-05, 6.499206778253523e-05],