{"T1": {"1": [0.00013870015987870805, 0.00016091684959226055, 8.235500453956823e-05, 0.00011080842260266006, 9.860680836792303e-05, 7.425443916474269e-06, 0.00016692303676516085], "2": [0.00013368587803770293, 0.00015299294162421742, 8.330904736867648e-05, 0.00011957319596027972, 5.716719544116782e-05, 9.898262981202614e-05, 0.00013221801577986675], "3": [8.448518876451113e-05, 8.91154532916914e-05, 8.79053479369153e-05, 0.00012131864293483546, 7.140163659047287e-05, 8.680602257832084e-05, 0.00017048025818442887], "4": [0.00011369942078267134, 0.00013632935917251552, 9.66730989086696e-05, 0.00010467203962351094, 7.09061070830912e-05, 8.216805148300338e-05, 0.00013503667410084556], "5": [0.00010857451852486171, 0.00010196856370322533, 7.954245382516617e-05, 0.00013738751221289365, 5.11799645365933e-05, 7.385991701501114e-05, 0.00014767353220188176], "6": [8.736720622540084e-05, 0.00011631652004665522, 7.705586668032634e-05, 0.0001312772100778629, 9.794521563407495e-05, 0.00014868184206288625, 0.00012853801923392222], "7": [8.793655372057156e-05, 0.0001363117324947577, 0.00012098567836778819, 5.425393756509763e-05, 7.367252131261923e-05, 8.798673985143361e-05, 0.00011522040318296286], "8": [0.0001152658004970767, 0.0001409435840039156, 0.00012911310007617763, 0.00013253836715504714, 0.00011781223685181189, 0.00013141215771836235, 7.579439240341937e-05], "9": [0.00013041266485071173, 0.00014528243572868856, 7.620415223175887e-05, 7.196303926990592e-05, 6.290225745783163e-05, 4.3267819592697445e-05, 0.00010350779024589449], "10": [0.0001407326679261708, 0.00015199671020212218, 6.0611890449806155e-05, 0.0001818293402021475, 9.998421516116304e-05, 7.060917164122488e-05, 0.00016022597889184788], "11": [9.777348426768169e-05, 0.00014234516538516885, 9.380194454253124e-05, 0.00016120653951145846, 0.00011163478863753059, 7.525143839741731e-05, 8.690200459794104e-05], "12": [0.00010674633939602714, 0.0001515708655352885, 9.525168431861409e-05, 9.431707567466932e-05, 0.0001370060313096092, 0.00011460954552741652, 6.96130173361094e-05], "13": [6.192534504341306e-05, 0.0001313678155119578, 5.522500196528844e-05, 7.669127314226503e-05, 5.8118458603514405e-05, 0.00011913023604707085, 0.00012520815738615746], "14": [0.0001361720102369255, 0.0001385184120789572, 0.00010049147502930478, 0.0001378105439972502, 8.618901858921929e-05, 6.881327578363502e-05, 0.0001377515923758761], "15": [0.0001168764190797988, 0.0001223605454090974, 7.692372498152609e-05, 0.00011260820406709604, 7.247193820130121e-05, 0.0001119492050650177, 0.00014801989380932621], "16": [0.00011908461932990812, 0.00017085116837542043, 4.8423884551531455e-05, 9.777424523017589e-05, 0.0001247306261726369, 0.00013714754608756832, 0.00011193258448770852], "17": [9.661433456609916e-05, 0.00011765261608788605, 0.00011001306085391206, 0.0001543695071025612, 0.0001092104932627801, 0.00010378068984691622, 7.710250090308264e-05], "18": [0.0001248357319705197, 0.00013966810494843248, 0.00010745928829601685, 0.00016111052174237707, 0.00010398440821494248, 0.00013881414603981632, 9.7059747789695e-05], "19": [0.00014843108919054807, 0.0001034259646732377, 8.505428670331795e-05, 0.00016631431465770558, 0.0001320989136989941, 0.00011626645252698436, 0.00011457390848957117], "20": [0.00012012858218695579, 0.00013514349448955749, 8.384199236701627e-05, 0.0001283731664606732, 0.0001357641870242638, 0.00013776475329771294, 0.0001410310841440153], "21": [9.999385313751913e-05, 0.00013988367073426318, 0.00011343940687919174, 0.00013332011605462723, 0.0001216149098334474, 0.00014025161977357692, 7.443037889685958e-05], "22": [0.00011025634394682322, 0.00012113720431094708, 7.084153914068454e-05, 0.00011376807236926657, 0.00012299967649492165, 0.0001200226277488304, 0.00013583033364347445], "23": [0.00011615737665712966, 0.0001850575843059483, 6.74780151439816e-05, 0.00013607372116418797, 0.00010725602436366631, 0.0001386262480498107, 0.00014015076393255322], "24": [8.768483627002931e-05, 0.00016555678018375712, 0.00010506748094333973, 0.00014411154495555758, 0.00012592941411750826, 0.00013951112833882572, 0.0001468313467492849], "25": [0.00013830644028325057, 0.00016200571819279756, 0.00010446735497588238, 0.0001507346126752035, 7.864950914814369e-05, 4.671380448182395e-05, 0.00011167617258958065], "26": [0.00010638925690839637, 0.0001335140351867783, 7.102611898270747e-05, 0.00010710835438846611, 5.923637470628886e-05, 8.834575169570749e-05, 0.00013327565855791754], "27": [6.030275431576142e-05, 0.00015508513661610692, 5.750485632824133e-05, 0.00016319571653824834, 8.65487253905156e-05, 7.755824308879163e-05, 8.437506393688026e-05], "28": null, "29": null}, "T2": {"1": [3.5105522558440756e-05, 7.189949054664914e-05, 7.886004003986621e-05, 5.8824077397095085e-05, 6.917256881049683e-05, 8.325295298776794e-06, 0.0001607371872028238], "2": [3.1093150330260524e-05, 6.092891023776649e-05, 0.00011891800189350047, 5.855202057901221e-05, 6.0040964740629093e-05, 1.8384162227563708e-05, 0.00015322918459829922], "3": [3.195083292404295e-05, 6.332812324156028e-05, 0.0001121160273449884, 6.058525078850055e-05, 6.584522161992456e-05, 1.8654939483430536e-05, 0.00013649324842387602], "4": [3.195083292404295e-05, 6.332812324156028e-05, 0.0001121160273449884, 6.058525078850055e-05, 6.584522161992456e-05, 1.8654939483430536e-05, 0.00013649324842387602], "5": [3.014625797661148e-05, 7.502631332572672e-05, 0.00012314986031300237, 5.7647301628588573e-05, 6.068080700121648e-05, 1.661469699118438e-05, 0.00012245396150524165], "6": [2.8117503260670854e-05, 0.00010047294861039498, 7.091183277302278e-05, 6.56422263586404e-05, 6.43566858604741e-05, 1.8266139269539333e-05, 0.00010381373716967482], "7": [3.765117473208502e-05, 6.848174875254653e-05, 0.00017184932721279504, 5.2494856269906063e-05, 6.247757955764083e-05, 1.837155758444749e-05, 0.00012911424657703957], "8": [3.432243151874955e-05, 7.10415924812444e-05, 0.00013476081635516214, 6.251854237386689e-05, 6.515737441943557e-05, 1.7596921534663973e-05, 0.00013361915850987], "9": [3.138050710217056e-05, 6.947600430799578e-05, 7.747631846243984e-05, 5.42996746206387e-05, 6.744455213867395e-05, 1.779990947808419e-05, 0.00011602165450605872], "10": [3.2814694620010695e-05, 9.348188575643945e-05, 0.00011559575929311538, 5.359088147330618e-05, 7.440992873136804e-05, 1.4462907187061937e-05, 0.00015485016101844697], "11": [3.2814694620010695e-05, 9.348188575643945e-05, 0.00011559575929311538, 5.359088147330618e-05, 7.440992873136804e-05, 1.4462907187061937e-05, 0.00015485016101844697], "12": [3.3374552089825844e-05, 7.45537141922553e-05, 7.650488655284422e-05, 6.494997587048155e-05, 8.133001522347658e-05, 1.669880059275065e-05, 0.00012844923100906628], "13": [3.493459944077895e-05, 5.6879553427878166e-05, 0.00012606508148895577, 4.704460373950334e-05, 7.343125262883014e-05, 1.840415783904245e-05, 0.00012110213690799959], "14": [3.493459944077895e-05, 5.6879553427878166e-05, 0.00012606508148895577, 4.704460373950334e-05, 7.343125262883014e-05, 1.840415783904245e-05, 0.00012110213690799959], "15": [3.0204012907534315e-05, 7.810716518075749e-05, 7.540021957468564e-05, 5.8744748538294e-05, 6.252893273004238e-05, 1.8346062159190237e-05, 5.010168810016556e-05], "16": [3.8093832405067905e-05, 8.443971543035617e-05, 8.867285357928857e-05, 7.050643370202143e-05, 7.472331205474523e-05, 1.8870786840317667e-05, 0.00012411906874574308], "17": [3.8093832405067905e-05, 7.542047592325836e-05, 8.867285357928857e-05, 7.050643370202143e-05, 7.472331205474523e-05, 1.9596632815160692e-05, 0.00012411906874574308], "18": [3.237054944927423e-05, 0.00010256463436440079, 8.867285357928857e-05, 7.050643370202143e-05, 7.472331205474523e-05, 2.1174248755270042e-05, 0.00012411906874574308], "19": [1.822776443716108e-05, 0.0001070239855177695, 8.867285357928857e-05, 7.050643370202143e-05, 7.472331205474523e-05, 1.8909513844990684e-05, 0.00012411906874574308],