{"T1": {"1": [0.000154065654212554, 7.706052268058425e-05, 0.00014473923280210383, 0.00017043084064602093, 0.00016938790278833704, 0.00023470328203550398, 0.0001651195024763084], "2": [1.062032234475211e-05, 0.00010789100818805535, 0.0002666596562816695, 0.00021512027521812383, 0.00016655605438718795, 0.0001577960462505762, 0.0002228251077604304], "3": [8.287253823788554e-05, 1.9628248015075795e-05, 0.00014647079428782532, 0.00012341688184058056, 0.00018167941517106088, 0.00012544594110245694, 0.00020016559832081044], "4": [0.00014237187739200117, 0.0001374686007257767, 0.00021202137052658487, 0.00017389258214539754, 0.00020206957560831877, 0.0002024276115464313, 0.00022809253684904178], "5": [0.00019527685236713632, 9.904430285091113e-05, 0.00022711993080780818, 0.000251887404767132, 0.00016411049792178787, 0.00020008761480224134, 0.00020557055214974257], "6": [0.00017761807794952912, 5.308270480824472e-05, 0.0002960744230150237, 0.0002387271277297404, 0.00015717603050981443, 0.00013169531320082246, 0.00017749653441364812], "7": [0.00020347937638914151, 0.00014092667855721092, 0.00014160255485551432, 0.00018835015156901924, 6.022106801418249e-05, 0.0001837924996534623, 0.00019813258869875005], "8": [0.00018941969721165638, 0.00016251517054547324, 0.00023608341777968563, 0.00016037030549179894, 7.410250165736826e-05, 0.00017740090349964698, 0.00019612931485281135], "9": [0.00022116145634655824, 0.00015904595492090317, 0.0002284444647088526, 0.00011798028126113848, 0.00014133453496758858, 0.00017759149184307771, 0.0002017906800852116], "10": [0.00016008095576428775, 0.00014387801386495102, 0.00020072521393066784, 0.00014631402196895067, 0.0001496030578194071, 0.0002321262211706572, 0.0001728069284844673], "11": [0.00018811256782738428, 0.00011024065094066417, 0.0002594655191197159, 9.363041314520575e-05, 0.00011440984898397536, 0.00016329904151877474, 0.0001843423098291876], "12": [8.410384077557916e-06, 0.00018952102927486335, 0.00018217445568315214, 0.00020560750122969134, 0.0001726844833034716, 0.0001317620735741565, 0.00016638720160295578], "13": [7.862032549630358e-06, 0.00013051261112242204, 0.00026340797958044455, 0.0002284906413219515, 0.00016773766469026198, 0.00020275507610190247, 0.00021977109325600143], "14": [1.3864925195742975e-05, 0.00012058928560454855, 0.00027579427094420327, 0.0001628421186781509, 0.00010369519071128782, 0.00011177329922780826, 0.00014927516003213626], "15": [9.269729323389271e-06, 0.00016665247659399953, 0.00025516031496627164, 9.686432619808727e-05, 0.00015938997036682006, 0.00010835919191505789, 0.0002182222161299897], "16": [2.4829337572010044e-05, 0.00015033094098938497, 0.00021651918112989258, 0.00017996183993377734, 0.0001467194618496011, 0.00015849680457720864, 0.00023907795802395013], "17": [4.631877154640384e-05, 0.00017706097120022835, 0.0003321540237629486, 0.00017705711351699406, 0.00011151039281173206, 0.00017901988079099232, 0.00016355785453339787], "18": [1.0547788329944063e-05, 0.00016506859533201907, 0.00018360578137728315, 0.00020118673417173782, 0.0001624006767385916, 0.00015690307823186856, 0.00014730276162272822], "19": [1.502502852976034e-05, 0.00016008637301796543, 0.0002628771264190448, 0.0001895488819877775, 0.00014914542222997163, 0.00017450836764892075, 0.0001843517709201919], "20": [3.0573028531532036e-05, 0.00017670188416078956, 0.00021449586458708025, 0.00019815422813655977, 0.00011416765312880262, 0.00018719484251926175, 0.00020522005496603795], "21": [0.00020139998485616827, 0.00012715693707735152, 0.00029492212295513894, 0.00022336591449439633, 0.00015849949324344477, 0.00016611989788843778, 0.0002240739522292348], "22": [0.0001513367331254577, 0.00014717104086994285, 0.0003945783726101544, 0.0001840003818024018, 0.00010064265745309269, 0.00013178731343011697, 0.0001535359614099869], "23": [0.00016816332678315423, 9.48808772187309e-05, 0.0003575217946205225, 0.00022195996274827233, 0.00015541101446846868, 0.0001620988721840378, 0.00017680841097771785], "24": [0.0002156712395743382, 0.00016429292097046064, 0.0002598826346834019, 0.00013755016953741512, 0.00012961002571025624, 0.0001581640021630179, 0.00019374504662714333], "25": [0.00017843981765067134, 0.00016074504697873322, 0.0002644527408920206, 0.0001666502761724127, 0.00017784357412483192, 0.00016019074938821828, 0.00012198256937325236], "26": [0.00015834523353924667, 0.00014703857406448553, 0.00029402628017355994, 0.00019923888225159168, 0.0001718476980018471, 6.782556136418156e-05, 0.00014932604291175268], "27": [0.00010377647977048445, 0.00010493155860512647, 0.00023731355491008623, 0.0001696378405605865, 0.00018954935889762395, 6.61273042226866e-05, 0.00016866733577751425], "28": null, "29": null}, "T2": {"1": [8.027996189267873e-05, 5.033923740335404e-05, 9.385484845803103e-05, 0.0002064612733297326, 0.00012193547896553648, 0.0001290909677251401, 0.0002627602969759134], "2": [8.168623234524693e-05, 4.119808577926855e-05, 0.00010811716949175251, 0.00018932463463509447, 0.00013472689143765074, 0.0002094454207142268, 0.00018516158448241823], "3": [8.168623234524693e-05, 4.119808577926855e-05, 0.00010811716949175251, 0.00018932463463509447, 0.00013472689143765074, 0.0002094454207142268, 0.00018516158448241823], "4": [8.168623234524693e-05, 4.119808577926855e-05, 0.00010811716949175251, 0.00018932463463509447, 0.00013472689143765074, 0.0002094454207142268, 0.00018516158448241823], "5": [9.059515288220197e-05, 3.827421242807785e-05, 9.775090361112914e-05, 0.00015454208455035416, 0.00010500227045952352, 0.00011394564787492026, 0.00022774900783661346], "6": [0.00010140256612702875, 3.703263965363526e-05, 7.577554126912399e-05, 0.00013715018039926985, 0.0001481588506256173, 0.00018529796621387078, 0.0002124232249172242], "7": [0.00010956123897513759, 4.663903829590501e-05, 0.00011770860983523603, 0.00022591502068210114, 0.00014773784760433966, 0.0001278778922758229, 0.00018476570139968173], "8": [8.652336732538228e-05, 4.7781316201849727e-05, 0.00012408953463990139, 0.00016688578732050144, 8.632298982145611e-05, 0.00018817798472748668, 0.0002194327497116525], "9": [8.891197985713916e-05, 4.6110567371759164e-05, 0.0001408416505280515, 0.0003373944256388393, 0.00012502140823718517, 0.00017201120753154378, 0.0002434673971526115], "10": [8.433505377021855e-05, 5.439900934537762e-05, 9.394346481215512e-05, 0.00018042018649834548, 9.208806350117965e-05, 0.00012687898410656265, 0.00024585586647001], "11": [8.433505377021855e-05, 5.439900934537762e-05, 9.394346481215512e-05, 0.00018042018649834548, 9.208806350117965e-05, 0.00012687898410656265, 0.00024585586647001], "12": [1.787751639425675e-05, 5.722992917993332e-05, 0.00010728861689923832, 0.0001956923802607819, 0.0001351820093122167, 0.00019545216692889213, 0.00022792796552456316], "13": [5.6340271528183516e-05, 5.458273702124145e-05, 9.97538019834252e-05, 0.00024994503329372027, 0.00011926217434735355, 0.00017563240451091896, 0.00015790525786203076], "14": [5.6340271528183516e-05, 5.458273702124145e-05, 9.97538019834252e-05, 0.00024994503329372027, 0.00011926217434735355, 0.00017563240451091896, 0.00015790525786203076], "15": [2.328642687306956e-05, 5.348367534651366e-05, 0.00010250480731053913, 0.0001358102111436807, 0.0001393287239249917, 0.00011691318818183076, 0.0002818104027193664], "16": [2.5605004522697324e-05, 5.390377767701604e-05, 0.00013498839528340763, 0.00019944704915208814, 9.389625114471444e-05, 0.00011119970089597795, 0.00024194192343146714], "17": [3.5410520029848734e-05, 5.32155441347859e-05, 0.00012830998857472147, 0.0001764087687800579, 7.429818451756671e-05, 0.00014725324236298626, 0.00025438228962109614], "18": [1.6473680751665585e-05, 5.592117122108472e-05, 0.00010327952420221194, 0.0001518494202089652, 0.00011710387829433951, 0.0001409480000949846, 0.00018003852203755269], "19": [6.81859506972542e-05, 5.2643112821453755e-05, 0.00011593366754938575, 0.00017125893787639797, 8.279194049579951e-05, 0.00013820903704936472, 0.0002354483800840293],