{"T1": {"1": [0.000151707649030832, 0.00023876689818877654, 0.00011176992240563852, 0.0002034881341804529, 0.00011231768523542976], "2": [0.00013511772218018761, 0.00026294138895078715, 0.0001407466659051252, 0.00020330408828796157, 0.0001750339515138524], "3": [0.00017655658551494783, 0.00017252654998881894, 0.00010034083290468888, 0.00014669774714523085, 0.00010407739832399706], "4": [0.00019768776320243576, 0.00021242393238199374, 0.00010380167998315571, 0.00023100521268365622, 0.0001654736781025426], "5": [0.00018016855877725453, 0.00022242764031582023, 0.00013838999995061587, 0.00017481940639169644, 0.0001462886685356926], "6": [0.0001384870426071705, 5.00801978492956e-05, 9.13041077734759e-05, 0.00018136938915428762, 0.0001286318641767437], "7": [6.63301462959275e-05, 0.00029389209134681257, 0.00012539961770781523, 0.00022901340264880717, 0.00014338891341126266], "8": [0.00013472625131404742, 0.0002120354010101459, 0.00013999939800575831, 0.00018998086959432354, 0.00012624901944039996], "9": [0.0001229156595458863, 0.00024417089742793366, 0.00011475897090202459, 0.00018892624182874942, 0.00017775637403244312], "10": [0.00018343546684218196, 0.00020136246771787196, 0.00017559025945785276, 0.0001885310395200789, 0.00017093929961403383], "11": [0.00019153849695239947, 0.0002603319715100896, 0.00018504098624914873, 0.00021969697946286812, 0.00014230401557020113], "12": [7.216068352848647e-05, 0.00022253048566993897, 0.00012792598229016526, 0.00020994687396811825, 0.0001463254377582546], "13": [0.0001789317987116903, 0.00015641165557479355, 0.00012776602096760048, 0.00024315101861903287, 0.00010142763569023492], "14": [0.00015774146680656205, 3.7972996883886774e-05, 0.00012333673411832498, 0.00022960538774627608, 0.00012005774699491573], "15": [0.00016440589313482988, 0.00017840295546472479, 0.00015987043133367475, 0.00021880428971437585, 9.072883069330068e-05], "16": [7.844957077936315e-05, 8.719238566528794e-05, 0.00012597948410413367, 0.00024491799202552535, 0.00014540467456775064], "17": [0.0001716992568724646, 0.00026710798291863173, 0.0001420732264477199, 0.00023906057357254187, 0.0001408386763297998], "18": [0.0001516458500731918, 0.00027540868649139757, 0.00012093955145339508, 0.00022478843051656168, 0.00011798848578826128], "19": [0.0001549074578022559, 0.0002843014030107059, 7.995567233656041e-05, 0.0002115868411500425, 0.000114107998688254], "20": [0.00011788905819876855, 0.00028570698813364185, 0.00012400529557764502, 0.00023345605515462438, 0.00015990130750050973], "21": [0.00010566970379412342, 0.00020903531424645987, 0.0001206596402329293, 0.00022893422820862068, 0.00014320947577965888], "22": [0.00016637931127052037, 0.00024132921977507843, 0.00012426010937240757, 0.0002500037888429542, 9.109975488513443e-05], "23": [0.0001927473428308049, 0.00023899619711272596, 0.00012337679005130383, 0.0002382438403652819, 9.30151524506465e-05], "24": [0.00015805992885214735, 0.00023298392530352526, 0.00015265312808411966, 0.00025552740573941946, 0.00013121288179303618], "25": [0.00017861446343788795, 0.0002797007950572965, 0.00013105193190986197, 0.0001760496467222542, 7.489138913141169e-05], "26": [0.0001830589002043375, 0.0001959925167254392, 0.00014299392085319673, 0.00023742622347054833, 0.00016579174322368636], "27": [0.00015988815736171988, 0.000277469961917012, 0.00011300939935630387, 0.0002146842688548445, 0.00012797759545055796], "28": null, "29": null}, "T2": {"1": [0.00011042143342156276, 7.755411585798034e-05, 2.2592495982900455e-05, 7.622434328292672e-05, 4.240118973900492e-05], "2": [0.00010206539876346897, 7.926392283098897e-05, 2.1781421202129937e-05, 7.252135365597903e-05, 4.1685622152867485e-05], "3": [0.00010021811310776088, 6.559510769443707e-05, 2.10532864628038e-05, 7.869007016034189e-05, 4.796634530153374e-05], "4": [0.00010021811310776088, 6.559510769443707e-05, 2.10532864628038e-05, 7.869007016034189e-05, 4.796634530153374e-05], "5": [9.870937527160979e-05, 7.654595215018372e-05, 2.4171608404045557e-05, 6.977770081554269e-05, 4.248626401973337e-05], "6": [9.870937527160979e-05, 7.654595215018372e-05, 2.4171608404045557e-05, 6.977770081554269e-05, 4.248626401973337e-05], "7": [5.731282641157752e-05, 7.488310583264909e-05, 2.479747414534195e-05, 7.757854281178271e-05, 4.783234799520563e-05], "8": [6.231990221461424e-05, 7.118151304829014e-05, 2.0905866566900218e-05, 7.418533054891521e-05, 3.644227826803212e-05], "9": [9.06262043231551e-05, 7.551349635412163e-05, 2.4156819036142456e-05, 6.725991345007695e-05, 4.3220174567956014e-05], "10": [9.06262043231551e-05, 7.551349635412163e-05, 2.4156819036142456e-05, 6.725991345007695e-05, 4.3220174567956014e-05], "11": [9.06262043231551e-05, 7.551349635412163e-05, 2.4156819036142456e-05, 6.725991345007695e-05, 4.3220174567956014e-05], "12": [9.06262043231551e-05, 7.551349635412163e-05, 2.4156819036142456e-05, 6.725991345007695e-05, 4.3220174567956014e-05], "13": [4.140529213266375e-05, 8.122356395151256e-05, 1.8113689061040727e-05, 6.462475972762734e-05, 4.0266404740756166e-05], "14": [4.140529213266375e-05, 8.122356395151256e-05, 1.8113689061040727e-05, 6.462475972762734e-05, 4.0266404740756166e-05], "15": [8.885951346805113e-05, 7.760158905457342e-05, 2.606658978647457e-05, 6.15406124875572e-05, 4.3549301793255506e-05], "16": [8.885951346805113e-05, 7.760158905457342e-05, 2.606658978647457e-05, 6.15406124875572e-05, 4.3549301793255506e-05], "17": [8.885951346805113e-05, 7.760158905457342e-05, 2.606658978647457e-05, 6.15406124875572e-05, 4.3549301793255506e-05], "18": [7.872303260339717e-05, 6.872473043401654e-05, 2.3039163105990395e-05, 5.879396429670605e-05, 4.434310680752133e-05], "19": [9.625868462765218e-05, 7.709258606338994e-05, 2.4693277792699013e-05, 7.956762658636772e-05, 3.8889602641218815e-05], "20": [8.327670065059743e-05, 7.468221824670821e-05, 2.5125062255744587e-05, 7.973609682352111e-05, 4.1273238528141035e-05], "21": [0.00010175578950736343, 6.991335647100613e-05, 2.3159473787329383e-05, 7.807333356232275e-05, 3.8642675646867956e-05], "22": [0.00011199367183116333, 7.916642281801042e-05, 1.733005542566092e-05, 8.426492565512161e-05, 4.2546510253680897e-05], "23": [7.890320668927507e-05, 8.014660803395146e-05, 2.3527535736709725e-05, 7.102648006927668e-05, 4.4054160834700405e-05], "24": [0.00010765761635716916, 7.164785849556232e-05, 2.1060660673641238e-05, 7.559448582842307e-05, 3.4440810084241795e-05], "25": [9.09760106944981e-05, 7.867836862533735e-05, 2.3890961861667602e-05, 7.27560663834785e-05, 3.72269162281167e-05], "26": [9.09760106944981e-05, 7.867836862533735e-05, 2.3890961861667602e-05, 7.27560663834785e-05, 3.72269162281167e-05], "27": [0.0001073404942341422, 7.519047338240771e-05, 2.2989023367957115e-05, 7.790057096596392e-05, 3.20371378163723e-05], "28": null, "29": null}}