{"T1": {"1": [0.00016173635857950566, 0.00012089766345256261, 9.420410404727832e-05, 4.851680400030133e-05, 1.5006194492050395e-05], "2": [0.00016173635857950566, 0.00012089766345256261, 9.420410404727832e-05, 4.851680400030133e-05, 1.5006194492050395e-05], "3": [0.00016173635857950566, 0.00012089766345256261, 9.420410404727832e-05, 4.851680400030133e-05, 1.5006194492050395e-05], "4": [0.00016173635857950566, 0.00012089766345256261, 9.420410404727832e-05, 4.851680400030133e-05, 1.5006194492050395e-05], "5": [0.00016173635857950566, 0.00012089766345256261, 9.420410404727832e-05, 4.851680400030133e-05, 1.5006194492050395e-05], "6": [0.00016173635857950566, 0.00012089766345256261, 9.420410404727832e-05, 4.851680400030133e-05, 1.5006194492050395e-05], "7": [0.00016173635857950566, 0.00012089766345256261, 9.420410404727832e-05, 4.851680400030133e-05, 1.5006194492050395e-05], "8": [0.00016173635857950566, 0.00012089766345256261, 9.420410404727832e-05, 4.851680400030133e-05, 1.5006194492050395e-05], "9": [0.00016173635857950566, 0.00012089766345256261, 9.420410404727832e-05, 4.851680400030133e-05, 1.5006194492050395e-05], "10": [0.00016173635857950566, 0.00012089766345256261, 9.420410404727832e-05, 4.851680400030133e-05, 1.5006194492050395e-05], "11": [0.00016173635857950566, 0.00012089766345256261, 9.420410404727832e-05, 4.851680400030133e-05, 1.5006194492050395e-05], "12": [0.00016173635857950566, 0.00012089766345256261, 9.420410404727832e-05, 4.851680400030133e-05, 1.5006194492050395e-05], "13": [0.00016173635857950566, 0.00012089766345256261, 9.420410404727832e-05, 4.851680400030133e-05, 1.5006194492050395e-05], "14": [0.00016173635857950566, 0.00012089766345256261, 9.420410404727832e-05, 4.851680400030133e-05, 1.5006194492050395e-05], "15": [0.00016173635857950566, 0.00012089766345256261, 9.420410404727832e-05, 4.851680400030133e-05, 1.5006194492050395e-05], "16": [0.00016173635857950566, 0.00012089766345256261, 9.420410404727832e-05, 4.851680400030133e-05, 1.5006194492050395e-05], "17": [0.00016173635857950566, 0.00012089766345256261, 9.420410404727832e-05, 4.851680400030133e-05, 1.5006194492050395e-05], "18": [0.00016173635857950566, 0.00012089766345256261, 9.420410404727832e-05, 4.851680400030133e-05, 1.5006194492050395e-05], "19": [0.00016173635857950566, 0.00012089766345256261, 9.420410404727832e-05, 4.851680400030133e-05, 1.5006194492050395e-05], "20": [0.00016173635857950566, 0.00012089766345256261, 9.420410404727832e-05, 4.851680400030133e-05, 1.5006194492050395e-05], "21": [0.00016173635857950566, 0.00012089766345256261, 9.420410404727832e-05, 4.851680400030133e-05, 1.5006194492050395e-05], "22": [0.00016173635857950566, 0.00012089766345256261, 9.420410404727832e-05, 4.851680400030133e-05, 1.5006194492050395e-05], "23": [0.00016173635857950566, 0.00012089766345256261, 9.420410404727832e-05, 4.851680400030133e-05, 1.5006194492050395e-05], "24": [0.00016173635857950566, 0.00012089766345256261, 9.420410404727832e-05, 4.851680400030133e-05, 1.5006194492050395e-05], "25": [0.00016173635857950566, 0.00012089766345256261, 9.420410404727832e-05, 4.851680400030133e-05, 1.5006194492050395e-05], "26": [0.00016173635857950566, 0.00012089766345256261, 9.420410404727832e-05, 4.851680400030133e-05, 1.5006194492050395e-05], "27": [0.00016173635857950566, 0.00012089766345256261, 9.420410404727832e-05, 4.851680400030133e-05, 1.5006194492050395e-05]}, "T2": {"1": [0.0002022597008230232, 0.0001481798716921945, 0.00011584483508257321, 9.925107461358688e-05, 2.036442716090146e-05], "2": [0.0002022597008230232, 0.0001481798716921945, 0.00011584483508257321, 9.925107461358688e-05, 2.036442716090146e-05], "3": [0.0002022597008230232, 0.0001481798716921945, 0.00011584483508257321, 9.925107461358688e-05, 2.036442716090146e-05], "4": [0.0002022597008230232, 0.0001481798716921945, 0.00011584483508257321, 9.925107461358688e-05, 2.036442716090146e-05], "5": [0.0002022597008230232, 0.0001481798716921945, 0.00011584483508257321, 9.925107461358688e-05, 2.036442716090146e-05], "6": [0.0002022597008230232, 0.0001481798716921945, 0.00011584483508257321, 9.925107461358688e-05, 2.036442716090146e-05], "7": [0.0002022597008230232, 0.0001481798716921945, 0.00011584483508257321, 9.925107461358688e-05, 2.036442716090146e-05], "8": [0.0002022597008230232, 0.0001481798716921945, 0.00011584483508257321, 9.925107461358688e-05, 2.036442716090146e-05], "9": [0.0002022597008230232, 0.0001481798716921945, 0.00011584483508257321, 9.925107461358688e-05, 2.036442716090146e-05], "10": [0.0002022597008230232, 0.0001481798716921945, 0.00011584483508257321, 9.925107461358688e-05, 2.036442716090146e-05], "11": [0.0002022597008230232, 0.0001481798716921945, 0.00011584483508257321, 9.925107461358688e-05, 2.036442716090146e-05], "12": [0.0002022597008230232, 0.0001481798716921945, 0.00011584483508257321, 9.925107461358688e-05, 2.036442716090146e-05], "13": [0.0002022597008230232, 0.0001481798716921945, 0.00011584483508257321, 9.925107461358688e-05, 2.036442716090146e-05], "14": [0.0002022597008230232, 0.0001481798716921945, 0.00011584483508257321, 9.925107461358688e-05, 2.036442716090146e-05], "15": [0.0002022597008230232, 0.0001481798716921945, 0.00011584483508257321, 9.925107461358688e-05, 2.036442716090146e-05], "16": [0.0002022597008230232, 0.0001481798716921945, 0.00011584483508257321, 9.925107461358688e-05, 2.036442716090146e-05], "17": [0.0002022597008230232, 0.0001481798716921945, 0.00011584483508257321, 9.925107461358688e-05, 2.036442716090146e-05], "18": [0.0002022597008230232, 0.0001481798716921945, 0.00011584483508257321, 9.925107461358688e-05, 2.036442716090146e-05], "19": [0.0002022597008230232, 0.0001481798716921945, 0.00011584483508257321, 9.925107461358688e-05, 2.036442716090146e-05], "20": [0.0002022597008230232, 0.0001481798716921945, 0.00011584483508257321, 9.925107461358688e-05, 2.036442716090146e-05], "21": [0.0002022597008230232, 0.0001481798716921945, 0.00011584483508257321, 9.925107461358688e-05, 2.036442716090146e-05], "22": [0.0002022597008230232, 0.0001481798716921945, 0.00011584483508257321, 9.925107461358688e-05, 2.036442716090146e-05], "23": [0.0002022597008230232, 0.0001481798716921945, 0.00011584483508257321, 9.925107461358688e-05, 2.036442716090146e-05], "24": [0.0002022597008230232, 0.0001481798716921945, 0.00011584483508257321, 9.925107461358688e-05, 2.036442716090146e-05], "25": [0.0002022597008230232, 0.0001481798716921945, 0.00011584483508257321, 9.925107461358688e-05, 2.036442716090146e-05], "26": [0.0002022597008230232, 0.0001481798716921945, 0.00011584483508257321, 9.925107461358688e-05, 2.036442716090146e-05], "27": [0.0002022597008230232, 0.0001481798716921945, 0.00011584483508257321, 9.925107461358688e-05, 2.036442716090146e-05]}}
