{"T1": {"1": [9.501022263149832e-05, 9.451400229410982e-05, 5.7001782085574015e-05, 9.44611805973405e-05, 8.933596691994663e-05], "2": [0.00011429390883126194, 9.045103691453167e-05, 7.113905942735088e-05, 0.00013611378969028258, 8.493707716741026e-05], "3": [7.763141707776264e-05, 7.336842074679356e-05, 4.9353609787089624e-05, 0.00011123536554438841, 8.896138601282535e-05], "4": [0.00010198642710302535, 0.00010436921519989884, 5.3238033918859374e-05, 0.00012439513390908528, 0.00011769535879408101], "5": [0.00012555662516860097, 0.00011094757679539815, 6.99068227260807e-05, 2.7529511492118412e-05, 0.00012453091294567322], "6": [9.895504981386635e-05, 7.806177726855454e-05, 0.00010458513946548311, 0.0001274107366718539, 0.00011126874640478673], "7": [0.0001181554192117591, 0.00010747958821907568, 8.283274358798e-05, 0.0001232680434130616, 7.109994133648042e-05], "8": [0.00013226824948709974, 0.0001226027353708843, 4.992359686670505e-05, 8.866643253528857e-05, 0.00012664885446542196], "9": [0.00013543884866740725, 0.00011883618503030037, 4.67911378073517e-05, 0.00011403050419487452, 0.00012092408494292926], "10": [0.00010682629081888765, 8.919899587586248e-05, 8.05079353170013e-05, 9.699206607406132e-05, 0.00011731530062000674], "11": [0.00010682629081888765, 8.919899587586248e-05, 8.05079353170013e-05, 9.699206607406132e-05, 0.00011731530062000674], "12": [9.61817077282674e-05, 0.0001339450307798573, 8.68612181554065e-05, 0.00011405320011459681, 7.415388360091575e-05], "13": [9.668381268827831e-05, 8.072504356479738e-05, 6.920880622315836e-05, 9.768431114167427e-05, 0.00012036853000964968], "14": [9.668381268827831e-05, 8.072504356479738e-05, 6.920880622315836e-05, 9.768431114167427e-05, 0.00012036853000964968], "15": [9.950379246737773e-05, 0.00010826382311284315, 6.880326692141361e-05, 0.00014716112127944881, 9.90086428949654e-05], "16": [0.0001000854161533604, 0.00012114898810201636, 2.2611760317966024e-05, 9.499963095534188e-05, 7.875597713390724e-05], "17": [0.0001000854161533604, 0.00012114898810201636, 2.2611760317966024e-05, 9.499963095534188e-05, 7.875597713390724e-05], "18": [0.00013189139998780137, 8.7445113471767e-05, 3.616153670685459e-05, 0.0001354406721625784, 9.364425127452289e-05], "19": [8.193346387744514e-05, 0.00011340310198761396, 4.879194267409531e-05, 0.00015245344607765082, 8.211153926591976e-05], "20": [0.00010610838374756342, 9.752720026680038e-05, 6.9648554574349e-05, 6.880366714881628e-05, 8.803151182554058e-05], "21": [0.00010305911780422361, 0.00010206868225345427, 5.3296981060351676e-05, 6.092416162593575e-05, 9.729060746543379e-05], "22": [0.00011138128360125103, 0.00011133955824884532, 6.139149086797375e-05, 7.771651675070555e-05, 7.884464407806662e-05], "23": [0.00013037080450437882, 9.65734726825082e-05, 4.5079057235838796e-05, 0.00010784917296979721, 0.00011652774876860569], "24": [0.000143000937460375, 0.00010141189260893533, 6.098198672422645e-05, 9.912904619736431e-05, 0.00011996980998628112], "25": [6.546810877161477e-05, 0.00010349192899894693, 7.765831751950714e-05, 0.00010187443738196327, 0.00011150941446416928], "26": [0.0001427448457199676, 0.00010196144757318771, 9.013827612265039e-05, 9.905225684972565e-05, 8.829087208879626e-05], "27": [0.00012920999259983685, 0.00011670963405395986, 8.723362300550326e-05, 0.00012079761745496588, 9.811176275629324e-05], "28": null, "29": null}, "T2": {"1": [0.00011125271445485798, 8.759683366274368e-05, 2.9316973611717017e-05, 0.0001390873559804051, 0.00010395833299200773], "2": [0.00011823547308873173, 0.00010721502934934206, 6.014560679503333e-05, 0.00014968349664320747, 0.0001517045155716867], "3": [0.00014145548186639002, 0.00011667973680618491, 4.6530042188018734e-05, 0.0001444181739094959, 0.0001265555174895239], "4": [0.0001395102604602619, 0.00011685466504818388, 4.9534556802855745e-05, 0.00012095578515796066, 0.00016430673531310063], "5": [0.0001395102604602619, 0.00011685466504818388, 4.9534556802855745e-05, 0.00012095578515796066, 0.00016430673531310063], "6": [0.0001315598451084296, 0.0001230370902857421, 6.29575118453126e-05, 0.00015464786509483892, 0.00019611565114467698], "7": [0.00014217423876843844, 0.00010546760754599622, 6.867179704757812e-05, 0.00012115479121591262, 0.00011966885472749758], "8": [0.00014217423876843844, 0.00010546760754599622, 6.867179704757812e-05, 0.00012115479121591262, 0.00011966885472749758], "9": [0.000147587578693039, 9.274241542703832e-05, 4.194110880028673e-05, 0.00016691836651814505, 0.00014256436626481478], "10": [0.0001238313137967917, 0.00010078155974884028, 6.568119529924127e-05, 9.616744714438192e-05, 0.00015251532974549733], "11": [0.0001238313137967917, 0.00010078155974884028, 6.568119529924127e-05, 9.616744714438192e-05, 0.00015251532974549733], "12": [0.00011664270214059984, 0.00013417489650016385, 6.075088885526116e-05, 0.00010386961585099317, 0.00015607737793463198], "13": [0.0001126185741591355, 9.601289694005988e-05, 6.774260773653668e-05, 0.00011705117882887616, 0.00017510247004024637], "14": [0.0001126185741591355, 9.601289694005988e-05, 6.774260773653668e-05, 0.00011705117882887616, 0.00017510247004024637], "15": [0.00011265055787621408, 0.00012403165256024342, 6.879587731375937e-05, 9.704434123419491e-05, 0.00012490796651915838], "16": [0.00011550183927965596, 0.00013231807542039834, 5.400578145833714e-05, 0.0001278911745125078, 0.00011937276320319752], "17": [0.00011550183927965596, 0.00013231807542039834, 5.400578145833714e-05, 0.0001278911745125078, 0.00011937276320319752], "18": [0.00013103707028471064, 0.0001145457372014957, 6.264240620442204e-05, 0.0001646881267841743, 0.00010839807458201334], "19": [0.00013103707028471064, 0.0001083075733584951, 6.264240620442204e-05, 0.0001646881267841743, 0.00012179556550902688], "20": [0.0001315385396484697, 0.00010045861969104198, 5.250957993407482e-05, 0.00012947390084963096, 0.0001243084280177123], "21": [0.00013574257209469963, 0.00013138967483171174, 5.5553861802521546e-05, 9.535058577287172e-05, 0.0001622495682098659], "22": [0.00014383795009201367, 0.00012110826158007479, 5.504463292892715e-05, 0.0001489497621716458, 8.784119135331832e-05], "23": [0.00014383795009201367, 0.00012110826158007479, 5.504463292892715e-05, 0.0001489497621716458, 8.784119135331832e-05], "24": [0.00011035652404346764, 0.00010852619659547259, 5.506232535679325e-05, 6.648191262788944e-05, 0.00012406001848726483], "25": [0.00010207041362865953, 0.0001213135371783883, 5.76625174957389e-05, 0.00015446513979174, 9.168528168272845e-05], "26": [0.0001622475909882988, 0.00012867400140481803, 6.324924643819081e-05, 0.00014000632342609176, 0.00016873935255123636], "27": [0.0001467122778263028, 0.00012357615279560345, 6.465010654673849e-05, 0.00016024075055582804, 0.0001646060693551535], "28": null, "29": null}}