{"T1": {"1": [0.00011089081898151085, 0.00013723116648262651, 7.653646098179375e-05, 8.008683294889014e-05, 2.0203774589387937e-05], "2": [9.5375819282867e-05, 0.000147360902726539, 7.920966971937826e-05, 5.854970050557191e-05, 1.8956089001925045e-05], "3": [0.00014542507914149948, 9.112453090941316e-05, 5.852982893819048e-05, 9.430474546876935e-05, 2.2984788378350676e-05], "4": [9.851405655852394e-05, 0.00011756985594168997, 8.658778073280026e-05, 1.6967585426646056e-05, 2.2811988794500785e-05], "5": [0.000148776099634018, 0.00016345680381747946, 7.780031073187542e-05, 5.823853832829641e-05, 2.179092975039108e-05], "6": [0.00016379691130320666, 9.680904331161178e-05, 9.02322228309486e-05, 9.350771381788513e-05, 2.123608161813684e-05], "7": [0.00011192841578468635, 0.00011861282466950782, 6.809729359059224e-05, 0.00012056690994478856, 2.3761302163280062e-05], "8": [0.00016054639926453657, 7.404383095691567e-05, 7.350034547729542e-05, 0.00010014675864349783, 1.914273626731183e-05], "9": [5.123692665313347e-05, 0.00012977630199401696, 9.128444023010331e-05, 9.283151023071357e-05, 2.2686713947337867e-05], "10": [0.00010937580602930836, 9.419783774050467e-05, 6.142048336767933e-05, 0.00010169017186152379, 2.283922890164229e-05], "11": [0.00010937580602930836, 9.419783774050467e-05, 6.142048336767933e-05, 0.00010169017186152379, 2.283922890164229e-05], "12": [7.068890719153599e-05, 0.00012029248696099959, 6.653343960032571e-05, 7.418211779911258e-05, 2.166572054834517e-05], "13": [9.949183893843517e-05, 0.00011579877922821623, 6.886472102932289e-05, 8.570886920112815e-05, 1.4086670322845149e-05], "14": [9.949183893843517e-05, 0.00011579877922821623, 6.886472102932289e-05, 8.570886920112815e-05, 1.4086670322845149e-05], "15": [9.95448919901075e-05, 0.00016929464711438997, 8.826306284506123e-05, 0.00012639539730352334, 2.0619827885577045e-05], "16": [0.00013768912572737326, 0.000162385907747742, 8.748460909457669e-05, 0.00010503633159518599, 2.2804610150730783e-05], "17": [0.00011237660760138823, 0.00011668141867663527, 6.65080173815271e-05, 8.151656056999928e-05, 2.0680360481867696e-05], "18": [0.00012289939957188254, 0.00016852890224281514, 8.181866519571079e-05, 6.030973260938108e-05, 1.8028895275938353e-05], "19": [0.00014452220934409583, 0.0001352121792403459, 6.566300447162678e-05, 8.093451904778375e-05, 1.4780849908301857e-05], "20": [0.00011445726341819896, 0.00011784215033415937, 8.060056037849874e-05, 5.053327733588533e-05, 2.2581380626611863e-05], "21": [7.978530874576806e-05, 0.00015367209244518786, 8.390973758872968e-05, 0.0001203617780735013, 1.8827124692397366e-05], "22": [9.746019780206431e-05, 0.00014617027288678475, 7.115959406097621e-05, 6.807414309714326e-05, 2.2941482380200904e-05], "23": [0.00011570601970783395, 0.0001285978353242931, 7.854864160394935e-05, 7.451034007756141e-05, 2.252379840336748e-05], "24": [7.688046186566978e-05, 0.00011441447612891621, 6.344282353631623e-05, 7.086162661657093e-05, 2.292898699569474e-05], "25": [0.0001231671142068442, 0.0001406626625883559, 8.271738576700905e-05, 8.414548981071726e-05, 2.37795260807581e-05], "26": [0.00011645030147815587, 0.00010710292153604672, 7.663132978616671e-05, 0.00011161039869849875, 2.2614421464721193e-05], "27": [0.00011645030147815587, 0.00010710292153604672, 7.663132978616671e-05, 0.00011161039869849875, 2.2614421464721193e-05], "28": null, "29": null}, "T2": {"1": [0.00014258115653475675, 0.000171312618306837, 0.00010851403019935992, 7.40706542300145e-05, 2.255704419882364e-05], "2": [0.00015643315345804777, 0.0001502692925622512, 9.250536454048201e-05, 7.076840822276494e-05, 2.0555171689172552e-05], "3": [0.00015643315345804777, 0.0001502692925622512, 9.250536454048201e-05, 7.076840822276494e-05, 2.0555171689172552e-05], "4": [0.0001632852587680379, 0.0001332232222438429, 0.00012771872693049746, 9.018756266132962e-05, 2.342110285598311e-05], "5": [0.00022072093740073553, 0.0001520570649784388, 9.986415528400782e-05, 7.756445461414757e-05, 2.3642287857831808e-05], "6": [0.00022970479202241503, 0.00012919715872966928, 9.134683886414169e-05, 9.806446064571622e-05, 2.551155073693358e-05], "7": [0.0001501671922601822, 0.00013008761824310624, 0.00011297737520550549, 0.00011436768271381308, 2.3771902203397924e-05], "8": [0.0001453079640110853, 8.717948017474812e-05, 0.00011128010704115614, 0.00011490018120133204, 2.318085257188876e-05], "9": [0.00014984372560987433, 0.0001537731087958331, 0.00012092106053808133, 9.04605427728676e-05, 2.4875824068564107e-05], "10": [0.00012105351885076985, 0.00011371085509017596, 8.361391518771697e-05, 0.00010378753240384802, 2.5873994470196375e-05], "11": [0.00012105351885076985, 0.00011371085509017596, 8.361391518771697e-05, 0.00010378753240384802, 2.5873994470196375e-05], "12": [0.00012105351885076985, 0.00013168114889331898, 8.361391518771697e-05, 0.00010378753240384802, 2.4789951823522424e-05], "13": [0.0001456210187026919, 0.00013726450403575213, 9.504412524849774e-05, 0.00011396095578583736, 1.7182210585166207e-05], "14": [0.0001456210187026919, 0.00013726450403575213, 9.504412524849774e-05, 0.00011396095578583736, 1.7182210585166207e-05], "15": [0.0001179825215154192, 0.00014824100580606805, 0.00012471709516791922, 0.00010269165445692157, 2.649539383313853e-05], "16": [0.0001777800007719528, 0.0001568701669559023, 9.953928089993746e-05, 8.010090941095624e-05, 2.3264605954184517e-05], "17": [0.0001581979735136778, 0.0001515762039367345, 9.947174217915561e-05, 8.56451193325293e-05, 2.1630399768781305e-05], "18": [0.0001124401287866694, 0.00013968238007829693, 0.00013447123019443255, 0.00010783624221769989, 2.1288008601350728e-05], "19": [0.00019921077306536103, 0.0001669820143273493, 0.00010817073633258032, 8.789438088486649e-05, 2.0889916917937687e-05], "20": [0.0002436588486800457, 0.00014804728770138342, 0.0001003594993033813, 7.363284470376676e-05, 2.3473685672596003e-05], "21": [0.00011666108622130112, 0.00016817268331834314, 0.00011840243603975629, 0.00010333194406203992, 2.4047836255522446e-05], "22": [0.00015222177611626643, 0.00017313938239787378, 0.00010693641477567216, 9.902864990809238e-05, 2.3398050857855242e-05], "23": [0.0001920436494487301, 0.0001078849901890056, 0.0001053834056694352, 6.991489249343271e-05, 3.3631045906454274e-05], "24": [0.00019499769739471137, 0.00014808313155264258, 0.00010677431640093936, 9.287288872435335e-05, 2.5889972817557842e-05], "25": [0.0001860780586700897, 0.00012411494861056164, 0.00011881464512073722, 7.6260105995181e-05, 2.4893437603520173e-05], "26": [0.00020187396732146553, 0.00013440598533553106, 0.00012502177992318374, 0.00011109533025814138, 2.433076316029861e-05], "27": [0.00020187396732146553, 0.00013440598533553106, 0.00012502177992318374, 0.00011109533025814138, 2.433076316029861e-05], "28": null, "29": null}}