{"T1": {"1": [8.487415504173587e-05, 0.00014568431968162683, 0.00012175786612072898, 0.00010484659035367403, 7.187830490617169e-05], "2": [8.487415504173587e-05, 0.00014568431968162683, 0.00012175786612072898, 0.00010484659035367403, 7.187830490617169e-05], "3": [8.487415504173587e-05, 0.00014568431968162683, 0.00012175786612072898, 0.00010484659035367403, 7.187830490617169e-05], "4": [8.487415504173587e-05, 0.00014568431968162683, 0.00012175786612072898, 0.00010484659035367403, 7.187830490617169e-05], "5": [8.487415504173587e-05, 0.00014568431968162683, 0.00012175786612072898, 0.00010484659035367403, 7.187830490617169e-05], "6": [8.487415504173587e-05, 0.00014568431968162683, 0.00012175786612072898, 0.00010484659035367403, 7.187830490617169e-05], "7": [8.487415504173587e-05, 0.00014568431968162683, 0.00012175786612072898, 0.00010484659035367403, 7.187830490617169e-05], "8": [8.487415504173587e-05, 0.00014568431968162683, 0.00012175786612072898, 0.00010484659035367403, 7.187830490617169e-05], "9": [8.487415504173587e-05, 0.00014568431968162683, 0.00012175786612072898, 0.00010484659035367403, 7.187830490617169e-05], "10": [8.487415504173587e-05, 0.00014568431968162683, 0.00012175786612072898, 0.00010484659035367403, 7.187830490617169e-05], "11": [8.487415504173587e-05, 0.00014568431968162683, 0.00012175786612072898, 0.00010484659035367403, 7.187830490617169e-05], "12": [8.487415504173587e-05, 0.00014568431968162683, 0.00012175786612072898, 0.00010484659035367403, 7.187830490617169e-05], "13": [8.487415504173587e-05, 0.00014568431968162683, 0.00012175786612072898, 0.00010484659035367403, 7.187830490617169e-05], "14": [8.487415504173587e-05, 0.00014568431968162683, 0.00012175786612072898, 0.00010484659035367403, 7.187830490617169e-05], "15": [8.487415504173587e-05, 0.00014568431968162683, 0.00012175786612072898, 0.00010484659035367403, 7.187830490617169e-05], "16": [8.487415504173587e-05, 0.00014568431968162683, 0.00012175786612072898, 0.00010484659035367403, 7.187830490617169e-05], "17": [8.487415504173587e-05, 0.00014568431968162683, 0.00012175786612072898, 0.00010484659035367403, 7.187830490617169e-05], "18": [8.487415504173587e-05, 0.00014568431968162683, 0.00012175786612072898, 0.00010484659035367403, 7.187830490617169e-05], "19": [8.487415504173587e-05, 0.00014568431968162683, 0.00012175786612072898, 0.00010484659035367403, 7.187830490617169e-05], "20": [8.487415504173587e-05, 0.00014568431968162683, 0.00012175786612072898, 0.00010484659035367403, 7.187830490617169e-05], "21": [8.487415504173587e-05, 0.00014568431968162683, 0.00012175786612072898, 0.00010484659035367403, 7.187830490617169e-05], "22": [8.487415504173587e-05, 0.00014568431968162683, 0.00012175786612072898, 0.00010484659035367403, 7.187830490617169e-05], "23": [8.487415504173587e-05, 0.00014568431968162683, 0.00012175786612072898, 0.00010484659035367403, 7.187830490617169e-05], "24": [8.487415504173587e-05, 0.00014568431968162683, 0.00012175786612072898, 0.00010484659035367403, 7.187830490617169e-05], "25": [8.487415504173587e-05, 0.00014568431968162683, 0.00012175786612072898, 0.00010484659035367403, 7.187830490617169e-05], "26": [8.487415504173587e-05, 0.00014568431968162683, 0.00012175786612072898, 0.00010484659035367403, 7.187830490617169e-05], "27": [8.487415504173587e-05, 0.00014568431968162683, 0.00012175786612072898, 0.00010484659035367403, 7.187830490617169e-05]}, "T2": {"1": [8.797073967543977e-05, 0.00012383560904430488, 0.00012336259318583153, 1.9853102695717057e-05, 8.011947237282821e-05], "2": [8.797073967543977e-05, 0.00012383560904430488, 0.00012336259318583153, 1.9853102695717057e-05, 8.011947237282821e-05], "3": [8.797073967543977e-05, 0.00012383560904430488, 0.00012336259318583153, 1.9853102695717057e-05, 8.011947237282821e-05], "4": [8.797073967543977e-05, 0.00012383560904430488, 0.00012336259318583153, 1.9853102695717057e-05, 8.011947237282821e-05], "5": [8.797073967543977e-05, 0.00012383560904430488, 0.00012336259318583153, 1.9853102695717057e-05, 8.011947237282821e-05], "6": [8.797073967543977e-05, 0.00012383560904430488, 0.00012336259318583153, 1.9853102695717057e-05, 8.011947237282821e-05], "7": [8.797073967543977e-05, 0.00012383560904430488, 0.00012336259318583153, 1.9853102695717057e-05, 8.011947237282821e-05], "8": [8.797073967543977e-05, 0.00012383560904430488, 0.00012336259318583153, 1.9853102695717057e-05, 8.011947237282821e-05], "9": [8.797073967543977e-05, 0.00012383560904430488, 0.00012336259318583153, 1.9853102695717057e-05, 8.011947237282821e-05], "10": [8.797073967543977e-05, 0.00012383560904430488, 0.00012336259318583153, 1.9853102695717057e-05, 8.011947237282821e-05], "11": [8.797073967543977e-05, 0.00012383560904430488, 0.00012336259318583153, 1.9853102695717057e-05, 8.011947237282821e-05], "12": [8.797073967543977e-05, 0.00012383560904430488, 0.00012336259318583153, 1.9853102695717057e-05, 8.011947237282821e-05], "13": [8.797073967543977e-05, 0.00012383560904430488, 0.00012336259318583153, 1.9853102695717057e-05, 8.011947237282821e-05], "14": [8.797073967543977e-05, 0.00012383560904430488, 0.00012336259318583153, 1.9853102695717057e-05, 8.011947237282821e-05], "15": [8.797073967543977e-05, 0.00012383560904430488, 0.00012336259318583153, 1.9853102695717057e-05, 8.011947237282821e-05], "16": [8.797073967543977e-05, 0.00012383560904430488, 0.00012336259318583153, 1.9853102695717057e-05, 8.011947237282821e-05], "17": [8.797073967543977e-05, 0.00012383560904430488, 0.00012336259318583153, 1.9853102695717057e-05, 8.011947237282821e-05], "18": [8.797073967543977e-05, 0.00012383560904430488, 0.00012336259318583153, 1.9853102695717057e-05, 8.011947237282821e-05], "19": [8.797073967543977e-05, 0.00012383560904430488, 0.00012336259318583153, 1.9853102695717057e-05, 8.011947237282821e-05], "20": [8.797073967543977e-05, 0.00012383560904430488, 0.00012336259318583153, 1.9853102695717057e-05, 8.011947237282821e-05], "21": [8.797073967543977e-05, 0.00012383560904430488, 0.00012336259318583153, 1.9853102695717057e-05, 8.011947237282821e-05], "22": [8.797073967543977e-05, 0.00012383560904430488, 0.00012336259318583153, 1.9853102695717057e-05, 8.011947237282821e-05], "23": [8.797073967543977e-05, 0.00012383560904430488, 0.00012336259318583153, 1.9853102695717057e-05, 8.011947237282821e-05], "24": [8.797073967543977e-05, 0.00012383560904430488, 0.00012336259318583153, 1.9853102695717057e-05, 8.011947237282821e-05], "25": [8.797073967543977e-05, 0.00012383560904430488, 0.00012336259318583153, 1.9853102695717057e-05, 8.011947237282821e-05], "26": [8.797073967543977e-05, 0.00012383560904430488, 0.00012336259318583153, 1.9853102695717057e-05, 8.011947237282821e-05], "27": [8.797073967543977e-05, 0.00012383560904430488, 0.00012336259318583153, 1.9853102695717057e-05, 8.011947237282821e-05]}}
