{"T1": {"1": [0.000105499412457455, 0.00011701137328584823, 6.561500470286699e-05, 9.905428675469134e-05, 0.00012394187711029252, 0.00011581022915366874, 8.429619294904022e-05], "2": [9.711901881129103e-05, 9.742232006636363e-05, 0.0001609518632467389, 0.00013845336837191131, 7.533197976777943e-05, 0.0001330131185357897, 3.029154670397879e-05], "3": [0.00011594734318842358, 0.00010249832629311534, 4.430526494829046e-05, 0.00012319343600509486, 0.00010495483940647587, 0.00013236016603497186, 7.312301244123474e-05], "4": [0.00017445167555168282, 9.578314139133233e-05, 0.00011747687895837882, 5.7289025040620923e-05, 0.00014874350714893863, 0.0001076795035134951, 0.0001418357510269075], "5": [0.000158720452084451, 0.00011902782182844854, 0.00010456589955553381, 5.815130952755092e-05, 6.245275132091311e-05, 0.00014162569518173484, 0.00013905650118774775], "6": [8.004420280477679e-05, 9.708925604779167e-05, 0.00012320564837104073, 0.00010766497779669633, 0.00011299842473849906, 0.0001324984161161916, 0.00013192931821967408], "7": [0.0001296347084906181, 6.626861424055676e-05, 9.982238602395302e-05, 0.00011629437302746763, 0.0001203626263022104, 0.00012914318502689479, 0.0001483620297323197], "8": [0.00012739511297468322, 0.00016614983196235018, 0.00011317849816082214, 0.00014414895604948353, 0.0001368823330524537, 9.074185782665337e-05, 0.0001360703353496834], "9": [0.00012849202715951069, 0.00010616665728658975, 0.00012349994898585935, 0.00010189502778715998, 0.00012539597855491753, 9.986308821044954e-05, 0.00016020689664557233], "10": [0.0001854560392435153, 8.33222388379295e-05, 0.00017225588460391395, 0.00011648609166431017, 9.74807955279062e-05, 7.756897459557188e-05, 0.00012233058216147926], "11": [0.00017537538237013837, 0.00015298105531773531, 0.00015966306396521536, 0.00013501159138133627, 0.00013933274544582238, 9.897324460469974e-05, 0.00013531779708581825], "12": [0.00014261834417025434, 0.0001127265470236993, 0.0001623563644852706, 0.00011982611735013627, 7.852853425261977e-05, 0.00010141308157135483, 0.0001238312299407326], "13": [0.00018948795657153066, 0.0001127265470236993, 0.00017007093270519317, 0.00012902527881413926, 5.208066177791719e-05, 7.634748803812203e-05, 0.00014403839876926742], "14": [0.00018322036196328237, 0.00013054313491462366, 0.0001454356637073087, 0.00013092637170770112, 6.821597793240489e-05, 0.0001245411565790715, 0.00013655137544980598], "15": [0.0001581181984920765, 8.234592546969709e-05, 0.00011798959592545296, 8.267215157436185e-05, 7.964142205743303e-05, 0.00012563201893482528, 0.00011302333469606044], "16": [9.773090064382982e-05, 6.746886269245874e-05, 0.0001400565292892482, 0.00013283056666597764, 0.0001316891763627877, 7.214308587613292e-05, 0.00015172785209506895], "17": [0.0001708881046859963, 0.00013668827304863575, 0.00015234163701675918, 0.00011559645356425535, 0.00011628438915238036, 0.0001102237054233928, 0.00013486608024871846], "18": [0.0001708881046859963, 0.00013668827304863575, 0.00015234163701675918, 0.00011559645356425535, 0.00011628438915238036, 0.0001102237054233928, 0.00013486608024871846], "19": [0.0001805690536893178, 6.451761376583937e-05, 0.00015370580542027525, 0.00012792802168169585, 8.499495092595539e-05, 0.00013596957762360913, 0.00013305841402646123], "20": [0.00014452365414420947, 0.00011417636509002951, 0.00019239989547747193, 0.0001338362897613491, 0.0001044438297258452, 0.00012636365575215816, 0.00016173028423958116], "21": [0.00018338954497897742, 0.00010672639791940517, 0.00021660341046859683, 5.361651657368153e-05, 5.1345434816249294e-05, 0.00012119490943523283, 0.0001001869349880332], "22": [0.00014545953107083473, 0.00012574382078503243, 0.00018441248092043608, 0.00012683520370255623, 0.00010620807026341418, 7.28859868600718e-05, 0.00013025352814117038], "23": [0.00016554915767005187, 0.00010210190965730458, 0.00011645437158394887, 0.0001466090346821943, 0.00013200083973360883, 0.00013154485240135985, 0.00014978661524828147], "24": [0.0001996675623056102, 0.00012504967713794542, 0.00023106975955128453, 0.00013421152060527094, 6.853769620458667e-05, 0.00013216513835261773, 0.00013048976286308096], "25": [0.0001584368837666509, 0.00014301651415172295, 0.0001560743202974167, 0.00012901595101028486, 6.043304386200494e-05, 0.0001621424195545425, 0.00011763285184313934], "26": [8.073986722279607e-05, 0.0001493363612562742, 0.00018854341822182366, 0.00010559904625797704, 1.3468304602457177e-05, 0.0001619564271391629, 0.00012871360941451917], "27": [0.00020228693062951888, 0.00018242570914651918, 0.00012835224291321247, 0.00011924702695869488, 1.3553592934859867e-05, 0.00012194125425062949, 0.000145026553971466], "28": null, "29": null}, "T2": {"1": [4.9457525498941715e-05, 2.74757365285122e-05, 2.1598588655260057e-05, 4.028327448948969e-05, 6.31711905229108e-05, 5.325915435181496e-05, 1.7430569423171363e-05], "2": [4.061827999304191e-05, 2.67002684823391e-05, 2.217132651056269e-05, 3.8584349464447826e-05, 8.044613542027426e-05, 4.7144646350198516e-05, 1.9188566529573274e-05], "3": [4.793850014208776e-05, 2.776040226767543e-05, 1.715605875688502e-05, 3.6242488057304094e-05, 9.028555352545261e-05, 6.060079491177658e-05, 2.2384003012228726e-05], "4": [4.793850014208776e-05, 2.776040226767543e-05, 1.715605875688502e-05, 3.6242488057304094e-05, 9.028555352545261e-05, 6.060079491177658e-05, 2.2384003012228726e-05], "5": [5.055882889067939e-05, 2.6556967874933392e-05, 1.983308845231446e-05, 3.446818342396603e-05, 9.786053417520342e-05, 5.665544708120132e-05, 2.1533723876452915e-05], "6": [4.6020527593591736e-05, 2.4293706043125338e-05, 1.915511732166863e-05, 3.646085577124322e-05, 8.859282349067078e-05, 5.9717924498751667e-05, 2.038565974126899e-05], "7": [4.642528617109328e-05, 2.7198431664542672e-05, 2.034665539672414e-05, 3.8260307975037606e-05, 0.00010052392918994259, 5.6439789669976496e-05, 2.194075825544279e-05], "8": [4.9170478256691735e-05, 2.8662830781843694e-05, 1.928165167480207e-05, 3.461595307715004e-05, 9.080029842064911e-05, 6.093666550169732e-05, 2.171439763306615e-05], "9": [5.0228561447008575e-05, 2.7121136432739516e-05, 2.1706933146206266e-05, 3.726182305152441e-05, 9.9610904608885e-05, 4.4608992556756095e-05, 2.2209123867676455e-05], "10": [4.917643674670555e-05, 2.8768922933801825e-05, 2.2797305315677724e-05, 3.478910717229505e-05, 7.970103172606846e-05, 5.391271897297158e-05, 2.2798766698950266e-05], "11": [4.917643674670555e-05, 2.8768922933801825e-05, 2.2797305315677724e-05, 3.478910717229505e-05, 7.970103172606846e-05, 5.391271897297158e-05, 2.2798766698950266e-05], "12": [4.917643674670555e-05, 2.8768922933801825e-05, 2.2797305315677724e-05, 3.478910717229505e-05, 7.970103172606846e-05, 5.391271897297158e-05, 2.2798766698950266e-05], "13": [4.784198593003298e-05, 2.0027892627686003e-05, 1.959692246995784e-05, 3.540462780150846e-05, 8.493367262264692e-05, 4.072841244769919e-05, 2.0398507466031043e-05], "14": [4.784198593003298e-05, 2.0027892627686003e-05, 1.959692246995784e-05, 3.540462780150846e-05, 8.493367262264692e-05, 4.072841244769919e-05, 2.0398507466031043e-05], "15": [4.784198593003298e-05, 2.0027892627686003e-05, 1.959692246995784e-05, 3.540462780150846e-05, 8.493367262264692e-05, 4.072841244769919e-05, 2.0398507466031043e-05], "16": [4.784198593003298e-05, 2.0027892627686003e-05, 1.959692246995784e-05, 3.540462780150846e-05, 8.493367262264692e-05, 4.072841244769919e-05, 2.0398507466031043e-05], "17": [4.784198593003298e-05, 2.0027892627686003e-05, 1.959692246995784e-05, 3.540462780150846e-05, 8.493367262264692e-05, 4.072841244769919e-05, 2.0398507466031043e-05], "18": [4.784198593003298e-05, 2.0027892627686003e-05, 1.959692246995784e-05, 3.540462780150846e-05, 8.493367262264692e-05, 4.072841244769919e-05, 2.0398507466031043e-05], "19": [4.784198593003298e-05, 2.0027892627686003e-05, 1.959692246995784e-05, 3.540462780150846e-05, 8.493367262264692e-05, 4.072841244769919e-05, 2.0398507466031043e-05],