{"T1": {"1": [7.36377163980331e-05, 9.046292627834987e-05, 6.507125489982281e-05, 0.00011117240167475365, 9.237929642925222e-05], "2": [6.459958051076777e-05, 9.195296303422495e-05, 0.00011490442335891633, 0.00011295350462161564, 0.00010642026548098712], "3": [0.00010037281322846647, 0.0001100963039651407, 0.00010221797522526429, 0.00010284630674889477, 9.68951474071183e-05], "4": [8.219017921090234e-05, 8.629300810532802e-05, 0.00010537842579695696, 0.0001439468952886441, 9.896884569142655e-05], "5": [6.453692092453426e-05, 9.449153146271272e-05, 0.00010683525835950708, 0.00011102672560532535, 7.005679832171766e-05], "6": [6.624611699305267e-05, 5.57780125809874e-05, 0.00010532907415404668, 0.00014202829332002, 7.622809820206328e-05], "7": [6.718905859745394e-05, 6.107105214046066e-05, 9.041936459437863e-05, 0.00011654744737701759, 8.10184092734174e-05], "8": [7.005424200860266e-05, 4.570660010760417e-05, 7.793924825971201e-05, 0.00011012888521341051, 6.186659392604012e-05], "9": [0.00011704004396477947, 8.419871685835929e-05, 0.00010198686943056253, 0.00014375985877252705, 0.00020587411521412756], "10": [0.00011704004396477947, 8.419871685835929e-05, 0.00010198686943056253, 0.00014375985877252705, 0.00020587411521412756], "11": [0.00011704004396477947, 8.419871685835929e-05, 0.00010198686943056253, 0.00014375985877252705, 0.00020587411521412756], "12": [7.508127219564045e-05, 8.99398918705544e-05, 9.235646575955963e-05, 0.00014929182794860463, 0.0001050952381116565], "13": [6.303695984257381e-05, 0.00012169080484005827, 9.501186707870985e-05, 7.873230854848157e-05, 0.00013498472393062825], "14": [6.303695984257381e-05, 0.00012169080484005827, 9.501186707870985e-05, 7.873230854848157e-05, 0.00013498472393062825], "15": [7.107108036248362e-05, 9.947102108408172e-05, 9.855206098610404e-05, 0.00010268363399128732, 0.00013355739479040918], "16": [7.630107317225954e-05, 0.00011988790300412089, 8.120389397285302e-05, 8.095829014066737e-05, 0.00011043872073501392], "17": [0.00010524010123051297, 0.0001239111588182895, 0.00012133210485925039, 0.00010329339920957904, 7.727914287320001e-05], "18": [0.00010499659279910887, 0.00012449254573764396, 0.00010434609989040527, 0.0001197012275269442, 0.00011586963239006201], "19": [7.756428722291439e-05, 0.00012127671289079462, 7.660427044605837e-05, 0.00013740509092046086, 0.00010610987604765289], "20": [9.438369037737641e-05, 0.00015272519228411854, 0.00011959880079673573, 9.931122091965361e-05, 0.00014455292357627437], "21": [9.438369037737641e-05, 0.00015272519228411854, 0.00011959880079673573, 9.931122091965361e-05, 0.00014455292357627437], "22": [7.880626454923287e-05, 7.519987825113509e-05, 0.00010018771198690821, 0.00011870938779745598, 0.00010169745890529895], "23": [9.573873094041105e-05, 0.00011482575628284111, 0.00013676697946691835, 0.00011282912386589615, 8.022928827289612e-05], "24": [9.055715149316286e-05, 0.00016525674961414015, 9.638507814596818e-05, 0.00011171440191218843, 0.00010212850184607389], "25": [6.664779889405075e-05, 8.399560393198028e-05, 0.00011376167584306298, 0.00012175424823253673, 0.00019348527217621746], "26": [2.7513402644573254e-05, 0.00011590875560833185, 0.00012423483413090435, 0.00010171539975880958, 0.00010316704202180591], "27": [4.602392329599611e-05, 0.00011115036193202294, 4.867300711829872e-05, 8.450435272086268e-05, 0.0001123450736219339], "28": null, "29": null}, "T2": {"1": [7.439644719408956e-05, 8.328115563215139e-05, 0.00011853957553979484, 1.9504625031481343e-05, 0.00012828065875225672], "2": [0.0001228014003845552, 6.416508655629905e-05, 0.00014495701007949583, 1.9475451425295652e-05, 0.00010111260608287016], "3": [0.00011391706218457421, 0.00010759686965540482, 0.00010143147259891177, 1.9512711502603375e-05, 0.00014090980088355838], "4": [7.671863432465973e-05, 0.00012124542815055677, 0.00010376120202413157, 1.9545409849328853e-05, 7.797294407867584e-05], "5": [0.00010259275536920021, 0.00012498050267625895, 0.00013173660529869826, 1.931512107907403e-05, 9.041566715114442e-05], "6": [0.00011983786970986955, 7.584277959473383e-05, 0.00011190871895696547, 1.9760146702235487e-05, 9.19219570130768e-05], "7": [0.00010508742180133069, 7.630016081544265e-05, 0.00010356512618941588, 2.0554225170399236e-05, 0.0001196640147134896], "8": [0.00013537151306654976, 4.183237309791775e-05, 9.398356499494677e-05, 2.2223794221880415e-05, 5.447275748553137e-05], "9": [0.00015803018368249088, 0.00011791612472266853, 0.00010657365315609758, 2.0400039120962073e-05, 0.0001184580417518125], "10": [0.00015803018368249088, 0.00011791612472266853, 0.00010657365315609758, 2.0400039120962073e-05, 0.0001184580417518125], "11": [0.00015803018368249088, 0.00011791612472266853, 0.00010657365315609758, 2.0400039120962073e-05, 0.0001184580417518125], "12": [0.00013243877928800259, 0.00010347994800845665, 9.825098411060166e-05, 2.1233779199823864e-05, 0.00015052279849281497], "13": [0.00013159199677380845, 0.00010800557738842279, 9.154402432494428e-05, 1.7344265975813753e-05, 0.0001539058069022346], "14": [0.00013159199677380845, 0.00010800557738842279, 9.154402432494428e-05, 1.7344265975813753e-05, 0.0001539058069022346], "15": [9.722877535981316e-05, 9.988302460399438e-05, 9.206658499221521e-05, 1.925699203390323e-05, 0.0001234295321906113], "16": [0.0001467024661651571, 0.00012914149024017123, 8.46991813602795e-05, 1.969724458946363e-05, 0.00014699827052712652], "17": [0.00014884102869000023, 0.00014297642958067326, 9.686962596383613e-05, 2.0599042588501262e-05, 0.00016900555658897298], "18": [0.00011810392519812055, 0.0001010136233615485, 0.000106158520409063, 1.9805375504324067e-05, 0.0001163409450367326], "19": [0.00015371203214799398, 8.424268791567516e-05, 0.00010162510699314422, 2.021980328973938e-05, 0.00013350051369874646], "20": [0.00014500432171685762, 0.00014401356568707248, 0.0001167118855207491, 2.05806173319218e-05, 0.00015857153446825924], "21": [0.00014500432171685762, 0.00014401356568707248, 0.0001167118855207491, 2.05806173319218e-05, 0.00015857153446825924], "22": [0.00011381958950099086, 0.0001047064142623434, 0.00012537935341690404, 2.0255065708681157e-05, 0.0001298780738432187], "23": [0.00010702266629569077, 0.0001312689264482843, 0.00012961898871895072, 2.0800538524917535e-05, 0.0001374683963056474], "24": [0.0001548905650229384, 0.00013183077889703537, 0.00011809811242009418, 2.0075010923216728e-05, 0.00015541187103795928], "25": [0.00014592644805927802, 0.00011373227650113963, 0.00011055760593678444, 2.096334776918557e-05, 0.00018661670768009456], "26": [4.1485969569848263e-05, 0.00010965349027764115, 0.00012831623968396827, 2.089092506594517e-05, 0.00013541393011139746], "27": [4.941972038503047e-05, 0.00012271987989675182, 6.300251485481613e-05, 1.789530729284266e-05, 0.00014856200209613038], "28": null, "29": null}}