{"ibm_nairobi": {"6": [765.2237510681152, 8274.434328079224, 1059.898759841919, 944.7812328338623, 2704.112295150757, 2346.5974292755127, 2214.5034189224243, 944.7812328338623, 944.7812328338623], "0": [4372.900774002075, 14219.052459716797, 11741.728450775146, 5751.036810874939, 3453.6316022872925, 5182.944415092468, 4443.995237350464, 5751.036810874939, 5751.036810874939], "1": [944.5591192245483, 20663.88058757782, 7009.451946258545, 3041.243444442749, 2786.565857887268, 15716.49913406372, 3330.534860610962, 3041.243444442749, 3041.243444442749], "2": [227294.10894489288, 41938.271587371826, 25790.496207237244, 34617.30364894867, 34092.4773683548, 39443.927344322205, 17822.974507331848, 34617.30364894867, 34617.30364894867], "3": [8800.937531471252, 814.4057054519653, 142.38813400268555, 2924.3934259414673, 3.199617385864258, 1110.1447429656982, 462.68481063842773, 2924.3934259414673, 2924.3934259414673], "4": [2477.287139892578, 11983.803208351135, 29152.145709991455, 802.7046480178833, 15672.203845977783, 688.282603263855, 5693.257135391235, 802.7046480178833, 802.7046480178833], "5": [147545.48151111603, 79037.1963558197, 137454.27253723145, 83644.49980258942, 85999.21096897125, 353.7321586608887, 131323.88484096527, 83644.49980258942, 83644.49980258942]}, "ibm_perth": {"6": [1584.363229751587, 2217.2757301330566, 111.3295373916626, 622.1976308822632, 5736.686259269714, 1263.132649421692, 111.3295373916626, 8588.91765499115, 111.3295373916626], "0": [11217.95628452301, 11103.450833320618, 13212.048197746277, 16407.053811073303, 13663.840600967407, 16277.921200752258, 13212.048197746277, 31107.710686683655, 13212.048197746277], "1": [63333.291237831116, 61263.09392738342, 77585.00839233398, 75316.89500045776, 59301.578716278076, 68190.62982845306, 77585.00839233398, 55983.32646942139, 77585.00839233398], "2": [2725.757237434387, 13236.811009407043, 4033.332639694214, 458.80028915405273, 17154.02199459076, 3881.3234577178955, 4033.332639694214, 23083.089886665344, 4033.332639694214], "3": [1659.7090768814087, 9712.889297485352, 4076.5460691452026, 6058.735147476196, 860.100058555603, 557.8998403549194, 4076.5460691452026, 6613.574758529663, 4076.5460691452026], "4": [8881.056273460388, 9852.22756767273, 6542.470966339111, 4114.994800567627, 3057.585292816162, 2922.6881771087646, 6542.470966339111, 2759.407726287842, 6542.470966339111], "5": [7778.164739608765, 2446.021192550659, 5944.627762794495, 7814.145184516907, 1846.7662506103516, 10109.64220237732, 5944.627762794495, 3467.434087753296, 5944.627762794495]}, "ibmq_belem": {"4": [36507.76362037659, 5889.844271659851, 6583.9817752838135, 895.1181516647339, 1960.4634656906128, 2267.2260313034058, 7815.193996429443, 7815.193996429443, 7815.193996429443], "0": [4314.6879806518555, 4586.6853704452515, 1391.194504737854, 134.10935306549072, 5926.780898094177, 6936.351321220398, 664.8860607147217, 664.8860607147217, 664.8860607147217], "1": [6396.387412071228, 5955.080679893494, 15457.772624015808, 14256.181322097778, 25049.428181648254, 15543.805636405945, 6883.2127113342285, 6883.2127113342285, 6883.2127113342285], "2": [9994.781183242798, 1827.4155778884888, 9784.981031417847, 7840.129175186157, 14197.540858268738, 3863.257227897644, 14617.75796508789, 14617.75796508789, 14617.75796508789], "3": [2277.982421875, 1411.8215103149414, 293.2244749069214, 9241.254023551941, 693.3182582855225, 1273.1449527740479, 2696.163631439209, 2696.163631439209, 2696.163631439209]}, "ibmq_guadalupe": {"15": [21818.68581867218, 3966.241237640381, 4959.435338973999, 6067.071744918823, 2074.219434738159, 1082.9496068954468, 1222.9228172302246, 1222.9228172302246, 1222.9228172302246], "0": [1151.2954301834106, 8276.791596412659, 7866.940668106079, 3499.345299720764, 4188.888175010681, 181.99482345581055, 2749.227717399597, 2749.227717399597, 2749.227717399597], "1": [19201.735948562622, 20719.498872756958, 24914.300273895264, 18630.420691490173, 22415.90845489502, 17282.28923225403, 24445.18430995941, 24445.18430995941, 24445.18430995941], "2": [308.73167419433594, 6906.370062828064, 6095.327706336975, 1830.9788398742676, 3589.7458839416504, 6834.028414726257, 4458.175724029541, 4458.175724029541, 4458.175724029541], "3": [10123.878457069397, 2246.082905769348, 16130.0534324646, 9202.708327293396, 1034.9950733184814, 3754.0683403015137, 12666.540241241455, 12666.540241241455, 12666.540241241455], "4": [23563.005197525024, 23142.707922935486, 37953.49590206146, 41770.579270362854, 24836.883736610413, 13101.286583900452, 29486.98893547058, 29486.98893547058, 29486.98893547058], "5": [15189.442643165588, 108968.44620418549, 6968.890140533447, 10508.849950790405, 10060.922792434692, 13163.709739685059, 17692.210312843323, 17692.210312843323, 17692.210312843323], "6": [3650.3587560653687, 168.5049705505371, 178.02484130859375, 6293.420144081116, 3609.8599967956543, 3994.9126625061035, 3301.752016067505, 3301.752016067505, 3301.752016067505], "7": [583.1392393112183, 5282.671925544739, 632.2034406661987, 2496.10608959198, 2864.353193283081, 2400.057291984558, 821.7677755355835, 821.7677755355835, 821.7677755355835], "8": [4206.423938751221, 3611.379144668579, 2143.6213483810425, 4905.920566558838, 1448.4509754180908, 89.79471969604492, 1232.2825374603271, 1232.2825374603271, 1232.2825374603271], "9": [35.13813781738281, 2780.3073806762695, 2588.359782218933, 1312.831322669983, 147.36917781829834, 751.0972261428833, 1064.1691904067993, 1064.1691904067993, 1064.1691904067993], "10": [14987.520612716675, 59259.29929351807, 9555.81856060028, 14552.570965766907, 14018.357918739319, 15992.488348007202, 7379.173194885254, 7379.173194885254, 7379.173194885254], "11": [1761.737120628357, 7179.046122550964, 3364.75133228302, 6740.306032180786, 1643.374270439148, 4233.377841949463, 1570.8259973526, 1570.8259973526, 1570.8259973526], "12": [8369.98987865448, 2393.9008178710938, 1602.895408630371, 4218.080461502075, 4454.477752685547, 2672.2470350265503, 2122.1583099365234, 2122.1583099365234, 2122.1583099365234], "13": [1677.3442697525024, 5072.8554973602295, 1700.2449827194214, 2669.5667457580566, 1986.6898126602173, 1426.028389930725, 621.8426818847656, 621.8426818847656, 621.8426818847656], "14": [3447.046420097351, 3830.8149576187134, 2129.6159076690674, 6879.776403427124, 604.6054010391235, 1965.4520168304443, 4572.39875793457, 4572.39875793457, 4572.39875793457]}, "ibmq_jakarta": {"6": [10738.853902816772, 1216.8616027832031, 12219.302095413208, 3305.751633644104, 6241.6695013046265, 10065.881262779236, 6241.6695013046265, 9776.415519714355, 6241.6695013046265], "0": [43764.558279037476, 31702.528183937073, 31455.10471057892, 34591.390025138855, 30056.295700073242, 37986.80181121826, 30056.295700073242, 36983.769879341125, 30056.295700073242], "1": [12454.559554100037, 9959.978301048279, 981.4730739593506, 32548.76508140564, 10428.366933822632, 13844.937691688538, 10428.366933822632, 34014.33819484711, 10428.366933822632], "2": [1454.9880990982056, 2333.1719846725464, 395.0900344848633, 2235.545207977295, 1056.3138580322266, 2490.7790813446045, 1056.3138580322266, 6817.245494842529, 1056.3138580322266], "3": [364.84693336486816, 684.0610361099243, 4753.771555900574, 656.4745788574219, 1198.8998861312866, 1146.0689907073975, 1198.8998861312866, 403.436297416687, 1198.8998861312866], "4": [8785.709219932556, 6308.667307853699, 15373.409848213196, 220.22188568115234, 11614.966293334961, 67472.5703086853, 11614.966293334961, 2380.106936454773, 11614.966293334961], "5": [437.2744617462158, 3836.0527839660645, 3003.4529390335083, 7579.737837791443, 1150.571530342102, 724.2981510162354, 1150.571530342102, 4456.996012687683, 1150.571530342102]}, "ibmq_quito": {"4": [394.8515520095825, 3932.7405338287354, 394.8515520095825, 1085.2928199768066, 2654.5180768966675, 2259.940357208252, 2732.2593994140625, 394.8515520095825, 706.6415777206421],