{"T1": {"1": [0.00013187352758552777, 0.00010902356556659097, 3.354226792894338e-05, 9.348057267880246e-05, 8.450292289338567e-05, 0.0001217313254843362, 0.00010302090940157343], "2": [0.00013187352758552777, 0.00010902356556659097, 3.354226792894338e-05, 9.348057267880246e-05, 8.450292289338567e-05, 0.0001217313254843362, 0.00010302090940157343], "3": [0.00013187352758552777, 0.00010902356556659097, 3.354226792894338e-05, 9.348057267880246e-05, 8.450292289338567e-05, 0.0001217313254843362, 0.00010302090940157343], "4": [0.00013187352758552777, 0.00010902356556659097, 3.354226792894338e-05, 9.348057267880246e-05, 8.450292289338567e-05, 0.0001217313254843362, 0.00010302090940157343], "5": [0.00013187352758552777, 0.00010902356556659097, 3.354226792894338e-05, 9.348057267880246e-05, 8.450292289338567e-05, 0.0001217313254843362, 0.00010302090940157343], "6": [0.00013187352758552777, 0.00010902356556659097, 3.354226792894338e-05, 9.348057267880246e-05, 8.450292289338567e-05, 0.0001217313254843362, 0.00010302090940157343], "7": [0.00013187352758552777, 0.00010902356556659097, 3.354226792894338e-05, 9.348057267880246e-05, 8.450292289338567e-05, 0.0001217313254843362, 0.00010302090940157343], "8": [0.00013187352758552777, 0.00010902356556659097, 3.354226792894338e-05, 9.348057267880246e-05, 8.450292289338567e-05, 0.0001217313254843362, 0.00010302090940157343], "9": [0.00013187352758552777, 0.00010902356556659097, 3.354226792894338e-05, 9.348057267880246e-05, 8.450292289338567e-05, 0.0001217313254843362, 0.00010302090940157343], "10": [0.00013187352758552777, 0.00010902356556659097, 3.354226792894338e-05, 9.348057267880246e-05, 8.450292289338567e-05, 0.0001217313254843362, 0.00010302090940157343], "11": [0.00013187352758552777, 0.00010902356556659097, 3.354226792894338e-05, 9.348057267880246e-05, 8.450292289338567e-05, 0.0001217313254843362, 0.00010302090940157343], "12": [0.00013187352758552777, 0.00010902356556659097, 3.354226792894338e-05, 9.348057267880246e-05, 8.450292289338567e-05, 0.0001217313254843362, 0.00010302090940157343], "13": [0.00013187352758552777, 0.00010902356556659097, 3.354226792894338e-05, 9.348057267880246e-05, 8.450292289338567e-05, 0.0001217313254843362, 0.00010302090940157343], "14": [0.00013187352758552777, 0.00010902356556659097, 3.354226792894338e-05, 9.348057267880246e-05, 8.450292289338567e-05, 0.0001217313254843362, 0.00010302090940157343], "15": [0.00013187352758552777, 0.00010902356556659097, 3.354226792894338e-05, 9.348057267880246e-05, 8.450292289338567e-05, 0.0001217313254843362, 0.00010302090940157343], "16": [0.00013187352758552777, 0.00010902356556659097, 3.354226792894338e-05, 9.348057267880246e-05, 8.450292289338567e-05, 0.0001217313254843362, 0.00010302090940157343], "17": [0.00013187352758552777, 0.00010902356556659097, 3.354226792894338e-05, 9.348057267880246e-05, 8.450292289338567e-05, 0.0001217313254843362, 0.00010302090940157343], "18": [0.00013187352758552777, 0.00010902356556659097, 3.354226792894338e-05, 9.348057267880246e-05, 8.450292289338567e-05, 0.0001217313254843362, 0.00010302090940157343], "19": [0.00013187352758552777, 0.00010902356556659097, 3.354226792894338e-05, 9.348057267880246e-05, 8.450292289338567e-05, 0.0001217313254843362, 0.00010302090940157343], "20": [0.00013187352758552777, 0.00010902356556659097, 3.354226792894338e-05, 9.348057267880246e-05, 8.450292289338567e-05, 0.0001217313254843362, 0.00010302090940157343], "21": [0.00013187352758552777, 0.00010902356556659097, 3.354226792894338e-05, 9.348057267880246e-05, 8.450292289338567e-05, 0.0001217313254843362, 0.00010302090940157343], "22": [0.00013187352758552777, 0.00010902356556659097, 3.354226792894338e-05, 9.348057267880246e-05, 8.450292289338567e-05, 0.0001217313254843362, 0.00010302090940157343], "23": [0.00013187352758552777, 0.00010902356556659097, 3.354226792894338e-05, 9.348057267880246e-05, 8.450292289338567e-05, 0.0001217313254843362, 0.00010302090940157343], "24": [0.00013187352758552777, 0.00010902356556659097, 3.354226792894338e-05, 9.348057267880246e-05, 8.450292289338567e-05, 0.0001217313254843362, 0.00010302090940157343], "25": [0.00013187352758552777, 0.00010902356556659097, 3.354226792894338e-05, 9.348057267880246e-05, 8.450292289338567e-05, 0.0001217313254843362, 0.00010302090940157343], "26": [0.00013187352758552777, 0.00010902356556659097, 3.354226792894338e-05, 9.348057267880246e-05, 8.450292289338567e-05, 0.0001217313254843362, 0.00010302090940157343], "27": [0.00013187352758552777, 0.00010902356556659097, 3.354226792894338e-05, 9.348057267880246e-05, 8.450292289338567e-05, 0.0001217313254843362, 0.00010302090940157343]}, "T2": {"1": [3.2938046808955124e-05, 3.380235699153589e-05, 6.463880880397132e-05, 3.761870457639289e-05, 7.653912135046626e-05, 1.6922267710182332e-05, 8.373939559274525e-05], "2": [3.2938046808955124e-05, 3.380235699153589e-05, 6.463880880397132e-05, 3.761870457639289e-05, 7.653912135046626e-05, 1.6922267710182332e-05, 8.373939559274525e-05], "3": [3.2938046808955124e-05, 3.380235699153589e-05, 6.463880880397132e-05, 3.761870457639289e-05, 7.653912135046626e-05, 1.6922267710182332e-05, 8.373939559274525e-05], "4": [3.2938046808955124e-05, 3.380235699153589e-05, 6.463880880397132e-05, 3.761870457639289e-05, 7.653912135046626e-05, 1.6922267710182332e-05, 8.373939559274525e-05], "5": [3.2938046808955124e-05, 3.380235699153589e-05, 6.463880880397132e-05, 3.761870457639289e-05, 7.653912135046626e-05, 1.6922267710182332e-05, 8.373939559274525e-05], "6": [3.2938046808955124e-05, 3.380235699153589e-05, 6.463880880397132e-05, 3.761870457639289e-05, 7.653912135046626e-05, 1.6922267710182332e-05, 8.373939559274525e-05], "7": [3.2938046808955124e-05, 3.380235699153589e-05, 6.463880880397132e-05, 3.761870457639289e-05, 7.653912135046626e-05, 1.6922267710182332e-05, 8.373939559274525e-05], "8": [3.2938046808955124e-05, 3.380235699153589e-05, 6.463880880397132e-05, 3.761870457639289e-05, 7.653912135046626e-05, 1.6922267710182332e-05, 8.373939559274525e-05], "9": [3.2938046808955124e-05, 3.380235699153589e-05, 6.463880880397132e-05, 3.761870457639289e-05, 7.653912135046626e-05, 1.6922267710182332e-05, 8.373939559274525e-05], "10": [3.2938046808955124e-05, 3.380235699153589e-05, 6.463880880397132e-05, 3.761870457639289e-05, 7.653912135046626e-05, 1.6922267710182332e-05, 8.373939559274525e-05], "11": [3.2938046808955124e-05, 3.380235699153589e-05, 6.463880880397132e-05, 3.761870457639289e-05, 7.653912135046626e-05, 1.6922267710182332e-05, 8.373939559274525e-05], "12": [3.2938046808955124e-05, 3.380235699153589e-05, 6.463880880397132e-05, 3.761870457639289e-05, 7.653912135046626e-05, 1.6922267710182332e-05, 8.373939559274525e-05], "13": [3.2938046808955124e-05, 3.380235699153589e-05, 6.463880880397132e-05, 3.761870457639289e-05, 7.653912135046626e-05, 1.6922267710182332e-05, 8.373939559274525e-05], "14": [3.2938046808955124e-05, 3.380235699153589e-05, 6.463880880397132e-05, 3.761870457639289e-05, 7.653912135046626e-05, 1.6922267710182332e-05, 8.373939559274525e-05], "15": [3.2938046808955124e-05, 3.380235699153589e-05, 6.463880880397132e-05, 3.761870457639289e-05, 7.653912135046626e-05, 1.6922267710182332e-05, 8.373939559274525e-05], "16": [3.2938046808955124e-05, 3.380235699153589e-05, 6.463880880397132e-05, 3.761870457639289e-05, 7.653912135046626e-05, 1.6922267710182332e-05, 8.373939559274525e-05], "17": [3.2938046808955124e-05, 3.380235699153589e-05, 6.463880880397132e-05, 3.761870457639289e-05, 7.653912135046626e-05, 1.6922267710182332e-05, 8.373939559274525e-05], "18": [3.2938046808955124e-05, 3.380235699153589e-05, 6.463880880397132e-05, 3.761870457639289e-05, 7.653912135046626e-05, 1.6922267710182332e-05, 8.373939559274525e-05], "19": [3.2938046808955124e-05, 3.380235699153589e-05, 6.463880880397132e-05, 3.761870457639289e-05, 7.653912135046626e-05, 1.6922267710182332e-05, 8.373939559274525e-05],