{"T1": {"1": [0.00014318414650065314, 0.00011318353655988346, 0.00010710116021895341, 0.0001354730967667749, 0.00012182044253320238, 9.532035395588458e-05, 9.461209481849478e-05], "2": [0.00014318414650065314, 0.00011318353655988346, 0.00010710116021895341, 0.0001354730967667749, 0.00012182044253320238, 9.532035395588458e-05, 9.461209481849478e-05], "3": [0.00014318414650065314, 0.00011318353655988346, 0.00010710116021895341, 0.0001354730967667749, 0.00012182044253320238, 9.532035395588458e-05, 9.461209481849478e-05], "4": [0.00014318414650065314, 0.00011318353655988346, 0.00010710116021895341, 0.0001354730967667749, 0.00012182044253320238, 9.532035395588458e-05, 9.461209481849478e-05], "5": [0.00014318414650065314, 0.00011318353655988346, 0.00010710116021895341, 0.0001354730967667749, 0.00012182044253320238, 9.532035395588458e-05, 9.461209481849478e-05], "6": [0.00014318414650065314, 0.00011318353655988346, 0.00010710116021895341, 0.0001354730967667749, 0.00012182044253320238, 9.532035395588458e-05, 9.461209481849478e-05], "7": [0.00014318414650065314, 0.00011318353655988346, 0.00010710116021895341, 0.0001354730967667749, 0.00012182044253320238, 9.532035395588458e-05, 9.461209481849478e-05], "8": [0.00014318414650065314, 0.00011318353655988346, 0.00010710116021895341, 0.0001354730967667749, 0.00012182044253320238, 9.532035395588458e-05, 9.461209481849478e-05], "9": [0.00014318414650065314, 0.00011318353655988346, 0.00010710116021895341, 0.0001354730967667749, 0.00012182044253320238, 9.532035395588458e-05, 9.461209481849478e-05], "10": [0.00014318414650065314, 0.00011318353655988346, 0.00010710116021895341, 0.0001354730967667749, 0.00012182044253320238, 9.532035395588458e-05, 9.461209481849478e-05], "11": [0.00014318414650065314, 0.00011318353655988346, 0.00010710116021895341, 0.0001354730967667749, 0.00012182044253320238, 9.532035395588458e-05, 9.461209481849478e-05], "12": [0.00014318414650065314, 0.00011318353655988346, 0.00010710116021895341, 0.0001354730967667749, 0.00012182044253320238, 9.532035395588458e-05, 9.461209481849478e-05], "13": [0.00014318414650065314, 0.00011318353655988346, 0.00010710116021895341, 0.0001354730967667749, 0.00012182044253320238, 9.532035395588458e-05, 9.461209481849478e-05], "14": [0.00014318414650065314, 0.00011318353655988346, 0.00010710116021895341, 0.0001354730967667749, 0.00012182044253320238, 9.532035395588458e-05, 9.461209481849478e-05], "15": [0.00014318414650065314, 0.00011318353655988346, 0.00010710116021895341, 0.0001354730967667749, 0.00012182044253320238, 9.532035395588458e-05, 9.461209481849478e-05], "16": [0.00014318414650065314, 0.00011318353655988346, 0.00010710116021895341, 0.0001354730967667749, 0.00012182044253320238, 9.532035395588458e-05, 9.461209481849478e-05], "17": [0.00014318414650065314, 0.00011318353655988346, 0.00010710116021895341, 0.0001354730967667749, 0.00012182044253320238, 9.532035395588458e-05, 9.461209481849478e-05], "18": [0.00014318414650065314, 0.00011318353655988346, 0.00010710116021895341, 0.0001354730967667749, 0.00012182044253320238, 9.532035395588458e-05, 9.461209481849478e-05], "19": [0.00014318414650065314, 0.00011318353655988346, 0.00010710116021895341, 0.0001354730967667749, 0.00012182044253320238, 9.532035395588458e-05, 9.461209481849478e-05], "20": [0.00014318414650065314, 0.00011318353655988346, 0.00010710116021895341, 0.0001354730967667749, 0.00012182044253320238, 9.532035395588458e-05, 9.461209481849478e-05], "21": [0.00014318414650065314, 0.00011318353655988346, 0.00010710116021895341, 0.0001354730967667749, 0.00012182044253320238, 9.532035395588458e-05, 9.461209481849478e-05], "22": [0.00014318414650065314, 0.00011318353655988346, 0.00010710116021895341, 0.0001354730967667749, 0.00012182044253320238, 9.532035395588458e-05, 9.461209481849478e-05], "23": [0.00014318414650065314, 0.00011318353655988346, 0.00010710116021895341, 0.0001354730967667749, 0.00012182044253320238, 9.532035395588458e-05, 9.461209481849478e-05], "24": [0.00014318414650065314, 0.00011318353655988346, 0.00010710116021895341, 0.0001354730967667749, 0.00012182044253320238, 9.532035395588458e-05, 9.461209481849478e-05], "25": [0.00014318414650065314, 0.00011318353655988346, 0.00010710116021895341, 0.0001354730967667749, 0.00012182044253320238, 9.532035395588458e-05, 9.461209481849478e-05], "26": [0.00014318414650065314, 0.00011318353655988346, 0.00010710116021895341, 0.0001354730967667749, 0.00012182044253320238, 9.532035395588458e-05, 9.461209481849478e-05], "27": [0.00014318414650065314, 0.00011318353655988346, 0.00010710116021895341, 0.0001354730967667749, 0.00012182044253320238, 9.532035395588458e-05, 9.461209481849478e-05]}, "T2": {"1": [2.1666848134537813e-05, 8.466985645287476e-05, 6.231330704350884e-06, 8.519986305592513e-05, 2.905885936146118e-05, 7.969936354586603e-05, 3.9438781709549336e-05], "2": [2.1666848134537813e-05, 8.466985645287476e-05, 6.231330704350884e-06, 8.519986305592513e-05, 2.905885936146118e-05, 7.969936354586603e-05, 3.9438781709549336e-05], "3": [2.1666848134537813e-05, 8.466985645287476e-05, 6.231330704350884e-06, 8.519986305592513e-05, 2.905885936146118e-05, 7.969936354586603e-05, 3.9438781709549336e-05], "4": [2.1666848134537813e-05, 8.466985645287476e-05, 6.231330704350884e-06, 8.519986305592513e-05, 2.905885936146118e-05, 7.969936354586603e-05, 3.9438781709549336e-05], "5": [2.1666848134537813e-05, 8.466985645287476e-05, 6.231330704350884e-06, 8.519986305592513e-05, 2.905885936146118e-05, 7.969936354586603e-05, 3.9438781709549336e-05], "6": [2.1666848134537813e-05, 8.466985645287476e-05, 6.231330704350884e-06, 8.519986305592513e-05, 2.905885936146118e-05, 7.969936354586603e-05, 3.9438781709549336e-05], "7": [2.1666848134537813e-05, 8.466985645287476e-05, 6.231330704350884e-06, 8.519986305592513e-05, 2.905885936146118e-05, 7.969936354586603e-05, 3.9438781709549336e-05], "8": [2.1666848134537813e-05, 8.466985645287476e-05, 6.231330704350884e-06, 8.519986305592513e-05, 2.905885936146118e-05, 7.969936354586603e-05, 3.9438781709549336e-05], "9": [2.1666848134537813e-05, 8.466985645287476e-05, 6.231330704350884e-06, 8.519986305592513e-05, 2.905885936146118e-05, 7.969936354586603e-05, 3.9438781709549336e-05], "10": [2.1666848134537813e-05, 8.466985645287476e-05, 6.231330704350884e-06, 8.519986305592513e-05, 2.905885936146118e-05, 7.969936354586603e-05, 3.9438781709549336e-05], "11": [2.1666848134537813e-05, 8.466985645287476e-05, 6.231330704350884e-06, 8.519986305592513e-05, 2.905885936146118e-05, 7.969936354586603e-05, 3.9438781709549336e-05], "12": [2.1666848134537813e-05, 8.466985645287476e-05, 6.231330704350884e-06, 8.519986305592513e-05, 2.905885936146118e-05, 7.969936354586603e-05, 3.9438781709549336e-05], "13": [2.1666848134537813e-05, 8.466985645287476e-05, 6.231330704350884e-06, 8.519986305592513e-05, 2.905885936146118e-05, 7.969936354586603e-05, 3.9438781709549336e-05], "14": [2.1666848134537813e-05, 8.466985645287476e-05, 6.231330704350884e-06, 8.519986305592513e-05, 2.905885936146118e-05, 7.969936354586603e-05, 3.9438781709549336e-05], "15": [2.1666848134537813e-05, 8.466985645287476e-05, 6.231330704350884e-06, 8.519986305592513e-05, 2.905885936146118e-05, 7.969936354586603e-05, 3.9438781709549336e-05], "16": [2.1666848134537813e-05, 8.466985645287476e-05, 6.231330704350884e-06, 8.519986305592513e-05, 2.905885936146118e-05, 7.969936354586603e-05, 3.9438781709549336e-05], "17": [2.1666848134537813e-05, 8.466985645287476e-05, 6.231330704350884e-06, 8.519986305592513e-05, 2.905885936146118e-05, 7.969936354586603e-05, 3.9438781709549336e-05], "18": [2.1666848134537813e-05, 8.466985645287476e-05, 6.231330704350884e-06, 8.519986305592513e-05, 2.905885936146118e-05, 7.969936354586603e-05, 3.9438781709549336e-05], "19": [2.1666848134537813e-05, 8.466985645287476e-05, 6.231330704350884e-06, 8.519986305592513e-05, 2.905885936146118e-05, 7.969936354586603e-05, 3.9438781709549336e-05],