{"T1": {"1": [0.00011715692083671252, 8.722539329201749e-05, 7.029980753231844e-05, 0.00013560480089836276, 0.0001280182050782472], "2": [0.00011715692083671252, 8.722539329201749e-05, 7.029980753231844e-05, 0.00013560480089836276, 0.0001280182050782472], "3": [0.00011715692083671252, 8.722539329201749e-05, 7.029980753231844e-05, 0.00013560480089836276, 0.0001280182050782472], "4": [0.00011715692083671252, 8.722539329201749e-05, 7.029980753231844e-05, 0.00013560480089836276, 0.0001280182050782472], "5": [0.00011715692083671252, 8.722539329201749e-05, 7.029980753231844e-05, 0.00013560480089836276, 0.0001280182050782472], "6": [0.00011715692083671252, 8.722539329201749e-05, 7.029980753231844e-05, 0.00013560480089836276, 0.0001280182050782472], "7": [0.00011715692083671252, 8.722539329201749e-05, 7.029980753231844e-05, 0.00013560480089836276, 0.0001280182050782472], "8": [0.00011715692083671252, 8.722539329201749e-05, 7.029980753231844e-05, 0.00013560480089836276, 0.0001280182050782472], "9": [0.00011715692083671252, 8.722539329201749e-05, 7.029980753231844e-05, 0.00013560480089836276, 0.0001280182050782472], "10": [0.00011715692083671252, 8.722539329201749e-05, 7.029980753231844e-05, 0.00013560480089836276, 0.0001280182050782472], "11": [0.00011715692083671252, 8.722539329201749e-05, 7.029980753231844e-05, 0.00013560480089836276, 0.0001280182050782472], "12": [0.00011715692083671252, 8.722539329201749e-05, 7.029980753231844e-05, 0.00013560480089836276, 0.0001280182050782472], "13": [0.00011715692083671252, 8.722539329201749e-05, 7.029980753231844e-05, 0.00013560480089836276, 0.0001280182050782472], "14": [0.00011715692083671252, 8.722539329201749e-05, 7.029980753231844e-05, 0.00013560480089836276, 0.0001280182050782472], "15": [0.00011715692083671252, 8.722539329201749e-05, 7.029980753231844e-05, 0.00013560480089836276, 0.0001280182050782472], "16": [0.00011715692083671252, 8.722539329201749e-05, 7.029980753231844e-05, 0.00013560480089836276, 0.0001280182050782472], "17": [0.00011715692083671252, 8.722539329201749e-05, 7.029980753231844e-05, 0.00013560480089836276, 0.0001280182050782472], "18": [0.00011715692083671252, 8.722539329201749e-05, 7.029980753231844e-05, 0.00013560480089836276, 0.0001280182050782472], "19": [0.00011715692083671252, 8.722539329201749e-05, 7.029980753231844e-05, 0.00013560480089836276, 0.0001280182050782472], "20": [0.00011715692083671252, 8.722539329201749e-05, 7.029980753231844e-05, 0.00013560480089836276, 0.0001280182050782472], "21": [0.00011715692083671252, 8.722539329201749e-05, 7.029980753231844e-05, 0.00013560480089836276, 0.0001280182050782472], "22": [0.00011715692083671252, 8.722539329201749e-05, 7.029980753231844e-05, 0.00013560480089836276, 0.0001280182050782472], "23": [0.00011715692083671252, 8.722539329201749e-05, 7.029980753231844e-05, 0.00013560480089836276, 0.0001280182050782472], "24": [0.00011715692083671252, 8.722539329201749e-05, 7.029980753231844e-05, 0.00013560480089836276, 0.0001280182050782472], "25": [0.00011715692083671252, 8.722539329201749e-05, 7.029980753231844e-05, 0.00013560480089836276, 0.0001280182050782472], "26": [0.00011715692083671252, 8.722539329201749e-05, 7.029980753231844e-05, 0.00013560480089836276, 0.0001280182050782472], "27": [0.00011715692083671252, 8.722539329201749e-05, 7.029980753231844e-05, 0.00013560480089836276, 0.0001280182050782472]}, "T2": {"1": [0.00015754182849181468, 0.00010433329534396426, 5.8713499474303875e-05, 0.00015062224337773563, 0.0001666585944684869], "2": [0.00015754182849181468, 0.00010433329534396426, 5.8713499474303875e-05, 0.00015062224337773563, 0.0001666585944684869], "3": [0.00015754182849181468, 0.00010433329534396426, 5.8713499474303875e-05, 0.00015062224337773563, 0.0001666585944684869], "4": [0.00015754182849181468, 0.00010433329534396426, 5.8713499474303875e-05, 0.00015062224337773563, 0.0001666585944684869], "5": [0.00015754182849181468, 0.00010433329534396426, 5.8713499474303875e-05, 0.00015062224337773563, 0.0001666585944684869], "6": [0.00015754182849181468, 0.00010433329534396426, 5.8713499474303875e-05, 0.00015062224337773563, 0.0001666585944684869], "7": [0.00015754182849181468, 0.00010433329534396426, 5.8713499474303875e-05, 0.00015062224337773563, 0.0001666585944684869], "8": [0.00015754182849181468, 0.00010433329534396426, 5.8713499474303875e-05, 0.00015062224337773563, 0.0001666585944684869], "9": [0.00015754182849181468, 0.00010433329534396426, 5.8713499474303875e-05, 0.00015062224337773563, 0.0001666585944684869], "10": [0.00015754182849181468, 0.00010433329534396426, 5.8713499474303875e-05, 0.00015062224337773563, 0.0001666585944684869], "11": [0.00015754182849181468, 0.00010433329534396426, 5.8713499474303875e-05, 0.00015062224337773563, 0.0001666585944684869], "12": [0.00015754182849181468, 0.00010433329534396426, 5.8713499474303875e-05, 0.00015062224337773563, 0.0001666585944684869], "13": [0.00015754182849181468, 0.00010433329534396426, 5.8713499474303875e-05, 0.00015062224337773563, 0.0001666585944684869], "14": [0.00015754182849181468, 0.00010433329534396426, 5.8713499474303875e-05, 0.00015062224337773563, 0.0001666585944684869], "15": [0.00015754182849181468, 0.00010433329534396426, 5.8713499474303875e-05, 0.00015062224337773563, 0.0001666585944684869], "16": [0.00015754182849181468, 0.00010433329534396426, 5.8713499474303875e-05, 0.00015062224337773563, 0.0001666585944684869], "17": [0.00015754182849181468, 0.00010433329534396426, 5.8713499474303875e-05, 0.00015062224337773563, 0.0001666585944684869], "18": [0.00015754182849181468, 0.00010433329534396426, 5.8713499474303875e-05, 0.00015062224337773563, 0.0001666585944684869], "19": [0.00015754182849181468, 0.00010433329534396426, 5.8713499474303875e-05, 0.00015062224337773563, 0.0001666585944684869], "20": [0.00015754182849181468, 0.00010433329534396426, 5.8713499474303875e-05, 0.00015062224337773563, 0.0001666585944684869], "21": [0.00015754182849181468, 0.00010433329534396426, 5.8713499474303875e-05, 0.00015062224337773563, 0.0001666585944684869], "22": [0.00015754182849181468, 0.00010433329534396426, 5.8713499474303875e-05, 0.00015062224337773563, 0.0001666585944684869], "23": [0.00015754182849181468, 0.00010433329534396426, 5.8713499474303875e-05, 0.00015062224337773563, 0.0001666585944684869], "24": [0.00015754182849181468, 0.00010433329534396426, 5.8713499474303875e-05, 0.00015062224337773563, 0.0001666585944684869], "25": [0.00015754182849181468, 0.00010433329534396426, 5.8713499474303875e-05, 0.00015062224337773563, 0.0001666585944684869], "26": [0.00015754182849181468, 0.00010433329534396426, 5.8713499474303875e-05, 0.00015062224337773563, 0.0001666585944684869], "27": [0.00015754182849181468, 0.00010433329534396426, 5.8713499474303875e-05, 0.00015062224337773563, 0.0001666585944684869]}}
