{"T1": {"1": [0.00015531844739158598, 0.000117940613871837, 1.9084556331406574e-05, 0.0001409509894765786, 0.00012060336073544664, 0.00016463156906729761, 0.00016147273957106166], "2": [0.000153080300402817, 9.459818953372811e-05, 2.5964900890751912e-05, 0.00018584080664548247, 6.811665995706055e-05, 0.00011784618137074908, 9.990286994358572e-05], "3": [0.0001188959800003031, 0.00015880041288746945, 2.234063695237675e-05, 0.00015790526573249155, 9.460438173528144e-05, 0.00012678086381258345, 0.0001643232678245905], "4": [8.371597462628485e-05, 0.00014394500122662224, 1.2653209500207083e-05, 0.0002394284094972842, 9.446199406667631e-05, 0.00013166113481211542, 0.00013237911709327173], "5": [0.00011796863461842818, 0.00013995823322241963, 3.9213336954881896e-05, 8.611545794434779e-05, 8.842463724095283e-05, 0.00016558343392970547, 0.00018320855909408082], "6": [0.00014333204994532246, 0.00012811297506886893, 3.964855250618258e-05, 0.00018428247964233322, 0.0001039623264620437, 0.00020340667169791368, 0.00018977565734014167], "7": [0.00013685451458460548, 0.00016139983130023777, 4.0461425231186266e-05, 0.0001524331469007462, 0.00011729382578370375, 7.303086327447939e-05, 0.00010148472465076173], "8": [0.00013506927778533494, 0.00013424072376784838, 7.18866279646501e-05, 0.00014594946053256825, 9.947432389529801e-05, 0.00011972391122646197, 0.0001264094443174127], "9": [0.00010836380871491831, 0.00012932637169084637, 6.783654242700875e-05, 0.00012078466260084141, 0.00011918758127973621, 0.00010208825221073694, 0.00013241448571484762], "10": [0.0001233170322185383, 0.00014026712685743918, 7.12913887582157e-05, 0.00010880722589669777, 7.646766121257147e-05, 0.0001625282046600395, 9.366212393734959e-05], "11": [0.00011918506843304976, 7.813307010684087e-05, 4.277031553470435e-05, 0.00014402601358459683, 8.12072047777666e-05, 0.00016211862586306384, 0.00014657082471241346], "12": [0.00014287017382320273, 0.00010712864673719115, 0.00012969218236715853, 0.00011839074230986052, 0.00011987992181173908, 8.850222601170661e-05, 0.00015931046141976697], "13": [0.0001596810818053213, 0.0001330445374337083, 9.780117934173342e-05, 8.502398821387429e-05, 0.00011941813065267408, 0.00020258953848917156, 0.0001290223049682724], "14": [9.797723633573721e-05, 0.00014439856748515908, 0.00010451568203405171, 0.0001116263785053837, 0.00011683996824209461, 0.00011216505894590749, 0.0001199203078640094], "15": [0.00011344893530577454, 0.00016061283129801705, 8.199323981319678e-05, 0.0001629917905869196, 0.0001043027602701682, 0.0001735388507879943, 0.00016546457558853713], "16": [0.00011659854190834911, 0.00013799554013071855, 9.641593551563363e-05, 0.00014027330799637553, 8.93607434266987e-05, 0.00014268256951126994, 0.00017852152138920853], "17": [0.00014137211564247638, 0.00011560710500409878, 9.094139063051575e-05, 0.00011324461606199855, 0.00010050716768511307, 0.00015719830943706145, 0.0001355975054418138], "18": [0.00011212495352269856, 0.00012817583372828962, 7.159692961628709e-05, 0.00012565879498850838, 0.0001030111819541542, 0.00013524446379568368, 0.00010521819468490734], "19": [0.00015693670883580322, 0.00015076869081896387, 5.625838347485145e-05, 0.0001783011250126903, 0.00013815891924279274, 0.00014434511160812174, 0.00018667642773428892], "20": [0.00012181055381734824, 0.00015089865098911302, 6.009139166709132e-05, 9.088360389544739e-05, 0.0001277802724245337, 0.00018145150169360445, 0.00012041137639355685], "21": [0.00014289480949866422, 0.00011482609179231866, 5.067892367884091e-05, 0.00011076241505869373, 9.169694802982567e-05, 0.0001445160402917559, 0.0001577248325513522], "22": [0.0001500758913281032, 9.958570033970047e-05, 4.0086171149476267e-05, 0.000143236547315298, 0.00011909477403085533, 0.00015290702066062472, 0.0001288148509783106], "23": [0.00016557711788281246, 0.0001339310752100516, 4.3370442657758064e-05, 0.00010321628956691924, 9.985949724294196e-05, 5.9412979338074476e-05, 0.00010274894473917304], "24": [0.00012717018529996858, 0.0001373346710588585, 3.350969090788542e-05, 0.00015376954585374155, 0.00010324435219326915, 0.0001423067086826921, 0.00015534188413663674], "25": [0.00014800815386988204, 0.0001433295231048655, 2.4194884147119747e-05, 0.00012064696247082256, 8.53458495351579e-05, 8.210513724950291e-05, 0.00013661376085061924], "26": [0.00013719171995852568, 0.00014635671916839884, 3.073780259266831e-05, 0.00012655695524477418, 0.00012403326789284287, 0.00011682820276582538, 0.00010380519721239054], "27": [0.000139360727915406, 0.00012276997247260383, 2.1425155879405245e-05, 0.0001771783556636623, 0.00012508249375215588, 0.0001113775365675123, 0.00010347738004594775], "28": null, "29": null}, "T2": {"1": [3.739865430839226e-05, 8.481526985659189e-05, 1.7828044726627935e-05, 6.120799376021782e-05, 7.915804963057042e-05, 1.9495292029508044e-05, 0.00014053005401866596], "2": [3.184050709126698e-05, 9.035833154149436e-05, 2.5962982612824345e-05, 5.889022089954547e-05, 7.689662355817557e-05, 1.7856454293604864e-05, 0.0001172106237958837], "3": [2.9418475985314428e-05, 7.088798611102941e-05, 4.967512346339549e-05, 3.937830004924889e-05, 7.618615701301575e-05, 1.7907203488991563e-05, 0.0001611766595577144], "4": [2.9418475985314428e-05, 7.088798611102941e-05, 4.967512346339549e-05, 3.937830004924889e-05, 7.618615701301575e-05, 1.7907203488991563e-05, 0.0001611766595577144], "5": [3.214529639929455e-05, 9.378081518702906e-05, 5.1537769427624246e-05, 4.2076495188809094e-05, 7.872826150870953e-05, 2.0943999117889417e-05, 0.00017504107706410932], "6": [3.355780926085223e-05, 0.0001222999423771372, 4.2965001936389986e-05, 6.583265244170316e-05, 6.875975813362236e-05, 2.0253666118084266e-05, 0.00014682265756996269], "7": [3.1273034558274025e-05, 8.69927850749111e-05, 8.245342234597025e-05, 4.38120500630302e-05, 7.695073495446216e-05, 1.8341267002409734e-05, 0.00015875805229449867], "8": [2.8709278720567485e-05, 0.00011255210110054424, 0.00012615694490409802, 6.108396131744986e-05, 7.180467850670016e-05, 1.871995701360278e-05, 0.0001572669925597389], "9": [3.524601179610304e-05, 7.908685228899708e-05, 0.00010515735248836132, 4.5091972617011045e-05, 6.228588169294071e-05, 1.884473644145657e-05, 0.00016613278924323036], "10": [3.5586156143155664e-05, 9.459812344988426e-05, 6.491865741888713e-05, 4.652123860555875e-05, 6.308436179841511e-05, 1.8088252182018432e-05, 8.97187002895496e-05], "11": [3.603577681928723e-05, 9.366387385994098e-05, 8.659092566255672e-05, 6.323765551865137e-05, 7.059219753684528e-05, 1.9997301889353426e-05, 5.4879288418054394e-05], "12": [3.328623453075142e-05, 7.958557305702168e-05, 0.00011727320221398786, 6.404402534736331e-05, 7.578032777789933e-05, 1.7784952976491324e-05, 8.940814891385267e-05], "13": [3.1787792282403555e-05, 9.544734509743783e-05, 0.00012454726438781616, 7.441917504456369e-05, 5.360568071779548e-05, 1.8888076268586555e-05, 6.673700811039099e-05], "14": [2.9641436488799182e-05, 0.00011953978947876118, 0.00015202047189873452, 5.231036248616377e-05, 6.830317943750351e-05, 2.1186966407155235e-05, 0.00012744973251346638], "15": [3.398619587473616e-05, 0.00011342807290536817, 0.00013860848301515386, 6.489435157220606e-05, 8.065171647424007e-05, 2.006613677890162e-05, 0.00011857919802704461], "16": [3.398619587473616e-05, 0.00011342807290536817, 0.00013860848301515386, 6.489435157220606e-05, 8.065171647424007e-05, 2.006613677890162e-05, 0.00011857919802704461], "17": [3.76012552044654e-05, 8.653567112942361e-05, 0.0001264175951159398, 4.4455451067824185e-05, 7.191379980273403e-05, 1.973424872680606e-05, 0.0001325810171889498], "18": [3.76012552044654e-05, 8.653567112942361e-05, 0.0001264175951159398, 4.4455451067824185e-05, 7.191379980273403e-05, 1.973424872680606e-05, 0.0001325810171889498], "19": [3.6046581469516654e-05, 0.00014556535575537078, 0.00010137338763689563, 2.3460710146278234e-05, 7.889819889464766e-05, 2.0510845480323087e-05, 0.00013100358285694942],