{"T1": {"1": [0.0001645732382402302, 0.00013879016971221094, 0.00012695392531618347, 0.00020342295903544527, 0.0001073957185578359, 0.00014895241576287817, 0.00018511034854428476], "2": [0.00016811750683232726, 0.00011019346331932771, 0.00013513996077004137, 0.00015218691347755047, 9.610944414831067e-05, 0.00015696665758728394, 0.00012417492445262473], "3": [0.0001622717460777366, 0.00011217745539408043, 0.00015511339162937, 0.00015616429271119906, 0.0001122072858796878, 0.00013569630888043526, 0.00010769089646225848], "4": [0.00016787370216599283, 0.00014434453969684884, 0.00017831820406548934, 0.00014793527231852726, 8.265685077886567e-05, 0.0001603848861708868, 4.936387441130343e-05], "5": [0.00019019301882617726, 0.00010171128183582017, 0.00016660098704243212, 0.00014139488243729162, 0.00010529786421294156, 0.0001363880869452139, 0.00011737822791758585], "6": [0.00013635582094112338, 9.328203631431624e-05, 0.00010744837850284832, 0.00013876301706191332, 0.00011323991911677555, 0.0001475680682757586, 0.00017224288363470192], "7": [0.00013635582094112338, 9.328203631431624e-05, 0.00010744837850284832, 0.00013876301706191332, 0.00011323991911677555, 0.0001475680682757586, 0.00017224288363470192], "8": [0.0001642720616453173, 7.032393393160689e-05, 0.0001380858530370009, 2.3230399904722024e-05, 0.00012861854961081085, 0.00014317210294432513, 9.163453613766388e-05], "9": [0.0001440669929287617, 0.0001229219241804225, 0.00023147491156983273, 0.0001131183754225235, 0.00011870283887647218, 0.00015595073152742105, 0.00011390908734908278], "10": [0.00011722447173993565, 0.00010536613384087474, 8.607627129533522e-05, 0.0001154117355715101, 0.00011760713942673788, 0.00015684304719933742, 0.00011746998512023929], "11": [0.00017262341849959176, 0.00012571312746849676, 0.00010643006632893477, 6.866368036630232e-05, 0.0001352671716174105, 0.00014981669328516817, 8.817613395412122e-05], "12": [0.00010676403017993549, 0.00013657645015210536, 0.00013594515328831596, 0.0002091432269853594, 7.587712958741195e-05, 0.0001305303294888884, 0.00010198414673494699], "13": [0.00014958507473329587, 0.000140979876498598, 0.00020635763193051082, 0.00016177708913392633, 6.529934307890433e-05, 0.0001305248246107021, 0.0001252397903293637], "14": [0.000190865066967778, 0.00014554092146896254, 0.00017190960160403784, 0.0001670642477145342, 0.00012074037961092195, 0.00011708530416864696, 0.00017870356826282788], "15": [0.00016641805132473335, 0.00011173475637396296, 0.0001648797667560284, 0.00016440085235526085, 9.5533416046375e-05, 0.00014958278361636057, 0.00017352116334185075], "16": [0.00017255329631068675, 0.00013976712414166676, 0.00014475355474063512, 0.00023283610861773166, 0.00011737503330376718, 0.00011953728666095531, 0.00015748740864409634], "17": [0.0001737701563685222, 0.00010897374280167781, 0.0001769271103079064, 0.00015284052295016536, 0.00011859323096670761, 0.00017961793169323398, 0.00018479357903295718], "18": [0.00015671597601338335, 0.00012538082453250157, 0.00010208754035290818, 0.00019461728641931398, 7.155510350875807e-05, 0.000106453061083256, 8.848177037457064e-05], "19": [4.578625499430236e-05, 0.00014323223882034173, 0.00015781679432272052, 0.00021261913012180747, 0.00013397066717047823, 0.00014751308608447274, 0.0001069043462704262], "20": [0.00010794907518549984, 0.00013304781627498054, 0.00013027495386640317, 0.00014883653712739173, 0.00011222119458086236, 0.00016027612702037167, 0.00012635635358560277], "21": [0.0001363719887677836, 0.00010579318121935627, 0.00016230445262281748, 0.00014598941571592806, 0.00011085289041422602, 8.512514967551563e-05, 0.0001288099733433382], "22": [0.00017281256796689042, 0.00012083467076687477, 6.506341783254003e-05, 0.00015205801722297755, 0.00010517858038032292, 8.407705444924997e-05, 0.0001142299975108384], "23": [5.4835887553221e-05, 0.00013938456760096755, 0.00013245765739261823, 0.00017724560605665509, 7.489841660953447e-05, 0.00011143866183287045, 5.425270956111493e-05], "24": [9.930933215864161e-05, 0.00010518450500279392, 0.0001087427945995489, 0.00016111448253025492, 8.892343321500277e-05, 7.415205025818064e-05, 0.00010867505629392559], "25": [1.3210971811442657e-05, 0.00010763215690929253, 0.00010915095878378501, 0.00014646696765948595, 6.289901317318166e-05, 0.00010669391713178754, 9.411657938185958e-05], "26": [1.9285570993153895e-05, 0.00010633359745332471, 0.00010483191697146737, 0.0001549464136697768, 9.303840954006622e-05, 8.273476658164586e-05, 0.00017393031904140835], "27": [0.00012509515674425517, 0.00013175066763019018, 0.00013640711582630732, 0.00013117645209267538, 0.0001267002989052669, 0.00012811426189904648, 0.00010514372263575051], "28": null, "29": null}, "T2": {"1": [4.623427786658065e-05, 7.80398100077544e-05, 9.605919326612794e-05, 0.00010056152731318517, 2.9197595617838296e-05, 7.784027302091436e-05, 0.00013282805724477656], "2": [4.3761770881438067e-05, 9.087708205610855e-05, 0.0001368458913452504, 8.475511384876852e-05, 3.06414830074678e-05, 7.555484078059952e-05, 9.936723444791347e-05], "3": [4.855200353157966e-05, 8.078058139532554e-05, 9.22784576710443e-05, 8.454735668739123e-05, 2.1966889354881534e-05, 7.54292035809445e-05, 5.7770104074915594e-05], "4": [5.057269962987603e-05, 9.115719790151312e-05, 0.00012358471347135043, 7.728224019147021e-05, 2.9159081559757842e-05, 6.650623802405177e-05, 4.813662038701738e-05], "5": [4.098483577466631e-05, 8.481810067816212e-05, 0.00013307375647500313, 9.548405261110006e-05, 3.291413973187346e-05, 6.787815701300731e-05, 0.00011598820899629723], "6": [4.859943579612423e-05, 9.046391186940676e-05, 0.0001410039157125693, 0.00010684155178757592, 3.279395424044093e-05, 8.248436121720902e-05, 0.00010545577122900663], "7": [4.859943579612423e-05, 9.046391186940676e-05, 0.0001410039157125693, 0.00010684155178757592, 3.279395424044093e-05, 8.248436121720902e-05, 0.00010545577122900663], "8": [4.399004875998377e-05, 6.66073737687644e-05, 0.00016011518986509853, 3.332520541007381e-05, 3.119958470935011e-05, 5.667166814412326e-05, 0.00011812991725247475], "9": [4.8211157292434126e-05, 7.206604692370738e-05, 0.0001308481383512959, 8.925356052919819e-05, 2.8921525863587812e-05, 6.875399545206963e-05, 0.00010260086552513018], "10": [3.942094222173705e-05, 8.346666292390466e-05, 0.0001508726295806885, 8.284825640214045e-05, 2.5314264268413876e-05, 6.91289119049199e-05, 7.01875822549783e-05], "11": [4.3288769310779275e-05, 7.130685543504203e-05, 0.0001350963628748055, 9.199368111294564e-05, 2.922526945029114e-05, 8.113326949174306e-05, 6.952962015091348e-05], "12": [5.1756665475631344e-05, 9.409007217463368e-05, 0.00011541560940570055, 0.00010672062293688603, 3.230564153183553e-05, 0.0001000770579393136, 8.758790519440157e-05], "13": [5.081053907080736e-05, 7.815859899952996e-05, 0.00013810458031061838, 0.00011658698906601291, 3.177151234224654e-05, 6.658011091897574e-05, 6.843603312591676e-05], "14": [4.617202649819178e-05, 9.577645121956808e-05, 0.00015531449047461826, 8.724579450136498e-05, 3.251028236007538e-05, 6.52194540335766e-05, 8.130490233482714e-05], "15": [4.991247168617744e-05, 9.295102799970626e-05, 0.00020277256651645876, 7.913096800019036e-05, 2.891025608563436e-05, 8.441325658870054e-05, 8.351867305062784e-05], "16": [4.846301105933246e-05, 9.787184282677929e-05, 0.00020677826734811992, 8.9439320637726e-05, 3.310519615707947e-05, 8.703821918594389e-05, 0.0001101629944337934], "17": [4.846301105933246e-05, 9.787184282677929e-05, 0.00020677826734811992, 8.9439320637726e-05, 3.310519615707947e-05, 8.703821918594389e-05, 0.0001101629944337934], "18": [3.816400668702727e-05, 8.329010891982799e-05, 0.00012870799718038683, 9.345365735129345e-05, 3.059132210973351e-05, 7.88271036072525e-05, 9.521558934403563e-05], "19": [5.45087756060228e-05, 7.488493782248434e-05, 0.00010780289916289413, 0.00010900737334429795, 3.451068524834507e-05, 7.795086006716984e-05, 0.00011091012096250213],