{"T1": {"1": [0.0002085662719508987, 5.941230725235515e-05, 0.0002909714482349346, 0.00014865741958871057, 2.8547723723546552e-05, 0.00012947723979699996, 0.00017811632003949393], "2": [0.0001801021421267455, 0.00013992102254105162, 0.00023276835760140636, 0.00021866500937478293, 1.5171821775890357e-05, 0.00013479995263168944, 0.00014630476588682167], "3": [0.000165475850425709, 9.150831467175628e-05, 0.00016848211577296092, 0.0002018716770542194, 3.8950009419939245e-06, 0.00019861464001407375, 0.00014444437349341488], "4": [8.430023994637141e-05, 1.830146880430799e-05, 0.0001733731839302784, 0.00015945945871148831, 1.871073719784593e-05, 0.00016468724433376042, 0.00014636395051676889], "5": [0.00015260207052083443, 2.938853110859447e-05, 0.0002525161224506876, 0.0001998098884526256, 4.560845974849597e-05, 0.00013299483759022973, 0.00017088537443889334], "6": [5.806909447398503e-05, 0.00011320808829254503, 0.00016702948600814808, 0.0001971865955523828, 4.076183994364223e-05, 0.00017393891793978975, 0.00016138266202106336], "7": [9.58908031436542e-06, 0.00019417893851653235, 0.0003198895934848887, 7.090064383167942e-05, 7.110333457842649e-05, 0.0001350774869122562, 0.0001989761788110819], "8": [1.0841205709864843e-05, 9.786456355227678e-05, 0.00013352861008001962, 0.00019715143491452912, 6.411668751833856e-05, 0.00010511731851868216, 0.0001751896343537432], "9": [1.0213744161684568e-05, 0.00013369563762995648, 0.0002653319447056797, 0.00024544355565955664, 6.471620535688389e-05, 0.00018701773024717164, 0.00010431151110538321], "10": [8.213089081866128e-06, 0.00013689627446707394, 0.00023046171123282803, 0.00022624435530649604, 6.018111984219844e-05, 0.00013428506889738833, 0.00020352904532246375], "11": [4.833936590783017e-05, 9.446965651055162e-05, 0.00021733273171013482, 0.0001494300427220337, 0.000118386219250687, 0.00010285277789818067, 0.0001302527163821089], "12": [1.7341294825850378e-05, 0.0001465588565693575, 0.000270661463745288, 0.00017473954417346834, 0.00013989766455029394, 0.00016513450755897122, 4.331838044923252e-05], "13": [1.3898912211720953e-05, 3.976712934537927e-05, 0.00032810287294513, 0.000156559410781327, 7.476514944614543e-05, 0.00016517229976217184, 0.00024710528524210566], "14": [0.00013561839821887506, 0.00013366575720611664, 0.00032810287294513, 0.0001372401080879559, 0.00012029892427411073, 0.0002208054840293495, 0.0002176290861267291], "15": [0.00013561839821887506, 0.0002196638326174134, 0.00032810287294513, 0.00018717422298750495, 0.00012851629349081318, 0.00021041810852288336, 0.00019349533468439407], "16": [0.00011691527354207852, 0.0001650661014233973, 0.00032810287294513, 0.00015142471252659016, 6.710235824979883e-05, 0.00021104369150330205, 0.00021981490798968608], "17": [0.00018430685085731464, 0.0001480962680161888, 0.00032810287294513, 0.00014873144850207254, 0.00011437724933267772, 0.0001891199123312499, 0.0001430443344837361], "18": [0.00018430685085731464, 0.00013504922355606555, 0.00032810287294513, 0.00019679492661612584, 0.00018184316226724183, 0.00018957171434312274, 0.00022621240374114186], "19": [0.00018430685085731464, 0.00012038750397556401, 0.00011459035080084674, 0.00016910716479228333, 0.0001981746777815699, 0.00017200775183535868, 0.00021759137857404326], "20": [0.00019167733485767985, 0.00013965689460655053, 0.00016342073524578348, 0.00018607037364700625, 0.0001728086573300139, 0.00019095217373918058, 0.00015142027084592575], "21": [0.00017428945152902093, 1.875433074063887e-05, 0.00017672120450040824, 0.00024951210831211277, 0.0001568308402917165, 0.00020128768794938845, 0.0001138799693130045], "22": [0.00012850093707914476, 0.00010994578211070747, 0.0002465858578941479, 0.00020887077383961402, 0.00017971598989702383, 0.00027780886347889905, 0.00014696965192934546], "23": [0.00015280068333937754, 0.00013851011791433213, 0.00019583022201214513, 0.0002321785831033758, 0.00021610120613104557, 0.0001741110937715338, 0.00019407765106350022], "24": [0.00012815335854184315, 0.0001377062058393356, 0.00026127253792726274, 0.0001489777918230271, 0.00016425095115394858, 0.0001788586443061333, 0.00014645579051041958], "25": [0.00010600647880837386, 6.425687116795089e-05, 0.00018711905770405962, 0.00016478608365170488, 0.00023019024521837945, 0.00016865242498566744, 0.00015757265244729845], "26": [0.00016850838425789888, 0.0001351279114791415, 0.0001938204365369043, 0.00017799279358699847, 0.0002191430549071656, 0.000218558886236237, 0.00018886538630399089], "27": [0.00013372035851408654, 0.0001311545549562499, 0.0002532527700426137, 0.00011888988393975008, 0.00021769536468011828, 0.00018594434804163106, 0.0001750935726247455], "28": null, "29": null}, "T2": {"1": [9.134200487472856e-05, 5.7766439222781107e-05, 0.00010812856524416512, 0.00020373192489541063, 7.478700394445455e-05, 0.00021018831404454898, 0.00024080541706217678], "2": [8.577440768191622e-05, 4.482338419745048e-05, 0.0001336516390775362, 0.00020582898084174555, 8.151884747276481e-06, 0.00012516879429764994, 0.0002312200738500476], "3": [0.0001079351157411963, 5.06363905440933e-05, 0.00010920908142559004, 0.00025103437254783, 2.5486316892289627e-05, 0.00015995990045804132, 7.571700712741047e-05], "4": [0.0001079351157411963, 5.06363905440933e-05, 0.00010920908142559004, 0.00025103437254783, 2.5486316892289627e-05, 0.00015995990045804132, 7.571700712741047e-05], "5": [6.700066675961688e-05, 3.0476978974889138e-05, 9.146458233359366e-05, 0.0003047404870630386, 5.327996754570181e-05, 7.972536671166325e-05, 0.0002516285032744813], "6": [9.514128431510019e-05, 3.1244491916303475e-05, 0.00012777546234077472, 0.00033254367282648325, 7.129882785987905e-05, 0.0001268916089075053, 0.00024574523106137523], "7": [2.3556959786282575e-05, 3.830366514936511e-05, 0.00012316950255454161, 0.0002039393998593471, 6.173674310752782e-05, 0.0001268916089075053, 0.00021095552153897623], "8": [1.7735840853606472e-05, 7.112594707969323e-05, 8.916951657313533e-05, 0.0002846939256983591, 6.868928856863733e-05, 0.0001268916089075053, 0.00025989803119408843], "9": [1.8195740590137543e-05, 4.2071179343840144e-05, 0.00010406772016873247, 0.00017175403826700947, 7.768456147867746e-05, 0.00013049224378144673, 0.00011918859067852185], "10": [6.538697485890512e-05, 7.039131278925347e-05, 0.00010746584286936025, 0.0002683979982568633, 7.217217096232717e-05, 9.059421638641913e-05, 0.00020239709136368124], "11": [5.114638950449479e-05, 7.039131278925347e-05, 0.00016300348396362923, 0.00032415103365536203, 0.00013142979315999785, 9.059421638641913e-05, 0.00024550290704153485], "12": [4.702278603614241e-05, 3.6505196588075744e-05, 0.000112809255652838, 0.000253528543955316, 7.167880142326095e-05, 0.00019606409582123308, 0.00016281723598778226], "13": [7.552480811736382e-05, 5.344646209320463e-05, 0.00010731805307192556, 0.0002069464440666684, 8.016237710413542e-05, 0.0001724009254699123, 0.00024215248033582015], "14": [7.552480811736382e-05, 5.344646209320463e-05, 0.00010731805307192556, 0.0002069464440666684, 8.016237710413542e-05, 0.0001724009254699123, 0.00024215248033582015], "15": [6.516554364543786e-05, 5.250990702979097e-05, 0.00013141270019644748, 0.00023067490596823426, 0.00012502056857432146, 0.00015115882970064782, 0.00013933452625324944], "16": [3.173868064844872e-05, 3.7782340267804755e-05, 0.00010570506028814068, 0.0001765337807805197, 8.31240949669594e-05, 0.00016687974421815595, 0.0002553337940752252], "17": [3.173868064844872e-05, 3.7782340267804755e-05, 0.00010570506028814068, 0.0001765337807805197, 8.31240949669594e-05, 0.00016687974421815595, 0.0002553337940752252], "18": [3.173868064844872e-05, 3.7782340267804755e-05, 0.00010570506028814068, 0.0001765337807805197, 8.31240949669594e-05, 0.00016687974421815595, 0.0002553337940752252], "19": [3.173868064844872e-05, 5.871004424870561e-05, 0.00010487254224505793, 0.00022113520738810584, 0.0001381132944357455, 0.00015381735198405548, 0.00019291308516731207],