{"T1": {"1": [0.00012069297095108161, 0.00015917993938890934, 5.802828742399257e-05, 0.00016399919297158908, 0.0001144908603732538], "2": [0.00011078190199532719, 6.416455835552778e-05, 0.00010523663640213201, 0.00017550632148715197, 0.00010938223467281448], "3": [0.00019145023765582622, 0.0001061631574319067, 0.00010083497469274537, 0.0002465651699237456, 0.00012567066237234142], "4": [0.00012806046410042415, 0.0001630528644043262, 9.518449308624057e-05, 0.0001430589288190869, 0.00012414329286658817], "5": [0.00019103015049785077, 0.0001912408086588264, 7.623077138007304e-05, 9.424457658339624e-05, 0.00010093662102445511], "6": [0.00019210853418182721, 0.00014804412053093742, 8.692923458867805e-05, 0.00010081188505481051, 0.0001401540013335588], "7": [0.00013355036628112971, 0.000173197867069829, 9.463118583518946e-05, 0.0002416825648663083, 0.0001187167063988417], "8": [0.00014246153805893503, 0.0001649299737459831, 8.884448979282206e-05, 0.000214750403530495, 9.2284355646941e-05], "9": [0.00015906596410421227, 0.00018600232543547644, 9.915599374872793e-05, 0.00017126311590547785, 0.00012775028848405605], "10": [0.00017572821327527168, 0.0002330891715294177, 0.00012506736004150955, 0.0002526063945946333, 9.379458927857252e-05], "11": [0.00016535706789437898, 0.0001788228265646615, 0.00013887043681235956, 0.00023187856589266417, 0.00012537389938599975], "12": [0.0001882929214159129, 0.00014248479770907096, 0.0001276306163925769, 0.00023235018184560805, 0.00011828099576096882], "13": [0.0002039133771904468, 0.00019184372278093084, 0.00012739319617848687, 0.00017771508786078416, 0.00015676712118905048], "14": [0.00021023234389318265, 0.00027029135026382324, 0.0001099261554385688, 0.00018153729716181044, 0.0001199746868800091], "15": [0.00018625659556457727, 0.00026654339952131604, 9.117121831843364e-05, 0.00014519478486532138, 9.01310959821934e-05], "16": [0.00014265490314298478, 0.0002784022624430802, 0.00014004720664146007, 0.00022959316719602934, 0.00013317896060345785], "17": [0.00014265490314298478, 0.0002784022624430802, 0.00014004720664146007, 0.00022959316719602934, 0.00013317896060345785], "18": [0.00016977568399082957, 0.0002356413593765567, 0.00013023108668512194, 0.00018460495322374448, 0.0001237701440857466], "19": [0.00016977568399082957, 0.0002356413593765567, 0.00013023108668512194, 0.00018460495322374448, 0.0001237701440857466], "20": [0.00016977568399082957, 0.0002356413593765567, 0.00013023108668512194, 0.00018460495322374448, 0.0001237701440857466], "21": [0.00020276406758783813, 0.00023613723305933694, 0.00010374177409216756, 0.00015630377354584183, 0.00012943308443950457], "22": [0.00011751741207571296, 0.00022389541896110203, 7.640274322220149e-05, 0.0001697994895620079, 5.3590524679263205e-05], "23": [0.00014339135994797045, 0.0002495295571229205, 0.000105768222373974, 0.00019679448162402937, 7.37721308722042e-05], "24": [0.00012130793131076507, 0.0002480300060939759, 8.905525001089844e-05, 0.00017013832737869925, 0.0001557783989055936], "25": [0.0001749004885304117, 0.00020843618222942471, 0.00010650571456169798, 0.000218025947211408, 0.0001609465126387231], "26": [0.0001573290224247966, 0.0002324856961539757, 0.00010797714817369957, 0.00022756047406062915, 0.00014692086907608964], "27": [0.00012373964509314951, 0.0002606222017051093, 0.0001063586882276397, 0.00015996612308259852, 0.00011023796626429322], "28": null, "29": null}, "T2": {"1": [8.336370599566131e-05, 6.784662894783327e-05, 2.2369950650585804e-05, 5.871937640470835e-05, 4.243052964279122e-05], "2": [8.336370599566131e-05, 6.784662894783327e-05, 2.2369950650585804e-05, 5.871937640470835e-05, 4.243052964279122e-05], "3": [0.00010382370412500727, 7.669073252772961e-05, 2.2416462648892446e-05, 6.655278435687766e-05, 4.384173367728682e-05], "4": [9.921736593927166e-05, 7.520730947860664e-05, 2.148712127388975e-05, 7.408642350893403e-05, 4.471767100801995e-05], "5": [0.0001029850010443454, 7.188888031990959e-05, 6.270304944644464e-06, 6.627749467783488e-05, 4.030381297146741e-05], "6": [9.852798376188237e-05, 6.312316912754268e-05, 2.0174745101651108e-05, 6.684419545697846e-05, 4.2651083305925325e-05], "7": [0.00010668701580631541, 6.973009755634695e-05, 6.319144581731174e-06, 7.239724651059105e-05, 4.281217708542141e-05], "8": [9.429304942375877e-05, 7.621202826412351e-05, 1.6698193847043013e-05, 6.551911771064308e-05, 4.665797013627285e-05], "9": [0.00012007615314742824, 7.684469235611776e-05, 2.2612826838398215e-05, 8.017415925648057e-05, 4.027096407563117e-05], "10": [8.169871358960925e-05, 7.453925493915916e-05, 2.3689093852747598e-05, 7.794705037727615e-05, 4.234062843084644e-05], "11": [0.00010882768430069572, 7.608150467824294e-05, 2.406920984044016e-05, 7.358089461846867e-05, 4.261406293164487e-05], "12": [7.341279044589218e-05, 6.564135077430843e-05, 2.4882989022799303e-05, 6.257957244103984e-05, 3.955233623719319e-05], "13": [0.0001021514040449978, 7.340062260588865e-05, 2.3943773487215064e-05, 6.061445415939169e-05, 4.4753472913890296e-05], "14": [0.00010932789054665369, 7.4618641109872e-05, 2.3605221532018456e-05, 5.274645399789301e-05, 4.4766163514281486e-05], "15": [0.00011289357848979726, 6.96032568339042e-05, 2.341229276705852e-05, 6.541832448585353e-05, 3.754631015267215e-05], "16": [0.00011712046157335959, 7.643466733121755e-05, 1.7632258215016294e-05, 7.734528503160457e-05, 4.473898342787692e-05], "17": [0.00011712046157335959, 7.643466733121755e-05, 1.7632258215016294e-05, 7.734528503160457e-05, 4.473898342787692e-05], "18": [0.00011712046157335959, 7.643466733121755e-05, 1.7632258215016294e-05, 7.734528503160457e-05, 4.473898342787692e-05], "19": [0.00011712046157335959, 7.643466733121755e-05, 1.7632258215016294e-05, 7.734528503160457e-05, 4.473898342787692e-05], "20": [0.00011712046157335959, 7.643466733121755e-05, 1.7632258215016294e-05, 7.734528503160457e-05, 4.473898342787692e-05], "21": [7.595623352220653e-05, 7.326750852746061e-05, 2.1076620733391496e-05, 6.45562976787037e-05, 4.18627986016383e-05], "22": [9.946718915840987e-05, 7.844322383436797e-05, 2.449175964367211e-05, 7.845886260990885e-05, 2.648350102930521e-05], "23": [9.946718915840987e-05, 7.844322383436797e-05, 2.449175964367211e-05, 7.845886260990885e-05, 2.648350102930521e-05], "24": [0.00011835469049824568, 7.852086850110433e-05, 2.2727087405249587e-05, 6.70709656064883e-05, 3.929931000724968e-05], "25": [0.00010757957884967331, 7.722922465723355e-05, 2.1505911033223096e-05, 5.251109969873594e-05, 3.999487613321994e-05], "26": [0.00011492046406991087, 8.106246776664762e-05, 2.4132167882532073e-05, 7.711698680468236e-05, 3.207218619554115e-05], "27": [8.846903893617485e-05, 7.89573307246157e-05, 2.1491599114158313e-05, 7.945401745150198e-05, 3.9554643373602774e-05], "28": null, "29": null}}