{"T1": {"1": [8.745145033105641e-05, 0.00024285394016520753, 0.00011683040874547572, 0.00023215942290036285, 6.732328449934552e-05], "2": [8.745145033105641e-05, 0.00024285394016520753, 0.00011683040874547572, 0.00023215942290036285, 6.732328449934552e-05], "3": [8.745145033105641e-05, 0.00024285394016520753, 0.00011683040874547572, 0.00023215942290036285, 6.732328449934552e-05], "4": [8.745145033105641e-05, 0.00024285394016520753, 0.00011683040874547572, 0.00023215942290036285, 6.732328449934552e-05], "5": [8.745145033105641e-05, 0.00024285394016520753, 0.00011683040874547572, 0.00023215942290036285, 6.732328449934552e-05], "6": [8.745145033105641e-05, 0.00024285394016520753, 0.00011683040874547572, 0.00023215942290036285, 6.732328449934552e-05], "7": [8.745145033105641e-05, 0.00024285394016520753, 0.00011683040874547572, 0.00023215942290036285, 6.732328449934552e-05], "8": [8.745145033105641e-05, 0.00024285394016520753, 0.00011683040874547572, 0.00023215942290036285, 6.732328449934552e-05], "9": [8.745145033105641e-05, 0.00024285394016520753, 0.00011683040874547572, 0.00023215942290036285, 6.732328449934552e-05], "10": [8.745145033105641e-05, 0.00024285394016520753, 0.00011683040874547572, 0.00023215942290036285, 6.732328449934552e-05], "11": [8.745145033105641e-05, 0.00024285394016520753, 0.00011683040874547572, 0.00023215942290036285, 6.732328449934552e-05], "12": [8.745145033105641e-05, 0.00024285394016520753, 0.00011683040874547572, 0.00023215942290036285, 6.732328449934552e-05], "13": [8.745145033105641e-05, 0.00024285394016520753, 0.00011683040874547572, 0.00023215942290036285, 6.732328449934552e-05], "14": [8.745145033105641e-05, 0.00024285394016520753, 0.00011683040874547572, 0.00023215942290036285, 6.732328449934552e-05], "15": [8.745145033105641e-05, 0.00024285394016520753, 0.00011683040874547572, 0.00023215942290036285, 6.732328449934552e-05], "16": [8.745145033105641e-05, 0.00024285394016520753, 0.00011683040874547572, 0.00023215942290036285, 6.732328449934552e-05], "17": [8.745145033105641e-05, 0.00024285394016520753, 0.00011683040874547572, 0.00023215942290036285, 6.732328449934552e-05], "18": [8.745145033105641e-05, 0.00024285394016520753, 0.00011683040874547572, 0.00023215942290036285, 6.732328449934552e-05], "19": [8.745145033105641e-05, 0.00024285394016520753, 0.00011683040874547572, 0.00023215942290036285, 6.732328449934552e-05], "20": [8.745145033105641e-05, 0.00024285394016520753, 0.00011683040874547572, 0.00023215942290036285, 6.732328449934552e-05], "21": [8.745145033105641e-05, 0.00024285394016520753, 0.00011683040874547572, 0.00023215942290036285, 6.732328449934552e-05], "22": [8.745145033105641e-05, 0.00024285394016520753, 0.00011683040874547572, 0.00023215942290036285, 6.732328449934552e-05], "23": [8.745145033105641e-05, 0.00024285394016520753, 0.00011683040874547572, 0.00023215942290036285, 6.732328449934552e-05], "24": [8.745145033105641e-05, 0.00024285394016520753, 0.00011683040874547572, 0.00023215942290036285, 6.732328449934552e-05], "25": [8.745145033105641e-05, 0.00024285394016520753, 0.00011683040874547572, 0.00023215942290036285, 6.732328449934552e-05], "26": [8.745145033105641e-05, 0.00024285394016520753, 0.00011683040874547572, 0.00023215942290036285, 6.732328449934552e-05], "27": [8.745145033105641e-05, 0.00024285394016520753, 0.00011683040874547572, 0.00023215942290036285, 6.732328449934552e-05]}, "T2": {"1": [6.12470289432172e-05, 8.504282304895302e-05, 2.2470913640651273e-05, 6.154849781940484e-05, 3.452581409428608e-05], "2": [6.12470289432172e-05, 8.504282304895302e-05, 2.2470913640651273e-05, 6.154849781940484e-05, 3.452581409428608e-05], "3": [6.12470289432172e-05, 8.504282304895302e-05, 2.2470913640651273e-05, 6.154849781940484e-05, 3.452581409428608e-05], "4": [6.12470289432172e-05, 8.504282304895302e-05, 2.2470913640651273e-05, 6.154849781940484e-05, 3.452581409428608e-05], "5": [6.12470289432172e-05, 8.504282304895302e-05, 2.2470913640651273e-05, 6.154849781940484e-05, 3.452581409428608e-05], "6": [6.12470289432172e-05, 8.504282304895302e-05, 2.2470913640651273e-05, 6.154849781940484e-05, 3.452581409428608e-05], "7": [6.12470289432172e-05, 8.504282304895302e-05, 2.2470913640651273e-05, 6.154849781940484e-05, 3.452581409428608e-05], "8": [6.12470289432172e-05, 8.504282304895302e-05, 2.2470913640651273e-05, 6.154849781940484e-05, 3.452581409428608e-05], "9": [6.12470289432172e-05, 8.504282304895302e-05, 2.2470913640651273e-05, 6.154849781940484e-05, 3.452581409428608e-05], "10": [6.12470289432172e-05, 8.504282304895302e-05, 2.2470913640651273e-05, 6.154849781940484e-05, 3.452581409428608e-05], "11": [6.12470289432172e-05, 8.504282304895302e-05, 2.2470913640651273e-05, 6.154849781940484e-05, 3.452581409428608e-05], "12": [6.12470289432172e-05, 8.504282304895302e-05, 2.2470913640651273e-05, 6.154849781940484e-05, 3.452581409428608e-05], "13": [6.12470289432172e-05, 8.504282304895302e-05, 2.2470913640651273e-05, 6.154849781940484e-05, 3.452581409428608e-05], "14": [6.12470289432172e-05, 8.504282304895302e-05, 2.2470913640651273e-05, 6.154849781940484e-05, 3.452581409428608e-05], "15": [6.12470289432172e-05, 8.504282304895302e-05, 2.2470913640651273e-05, 6.154849781940484e-05, 3.452581409428608e-05], "16": [6.12470289432172e-05, 8.504282304895302e-05, 2.2470913640651273e-05, 6.154849781940484e-05, 3.452581409428608e-05], "17": [6.12470289432172e-05, 8.504282304895302e-05, 2.2470913640651273e-05, 6.154849781940484e-05, 3.452581409428608e-05], "18": [6.12470289432172e-05, 8.504282304895302e-05, 2.2470913640651273e-05, 6.154849781940484e-05, 3.452581409428608e-05], "19": [6.12470289432172e-05, 8.504282304895302e-05, 2.2470913640651273e-05, 6.154849781940484e-05, 3.452581409428608e-05], "20": [6.12470289432172e-05, 8.504282304895302e-05, 2.2470913640651273e-05, 6.154849781940484e-05, 3.452581409428608e-05], "21": [6.12470289432172e-05, 8.504282304895302e-05, 2.2470913640651273e-05, 6.154849781940484e-05, 3.452581409428608e-05], "22": [6.12470289432172e-05, 8.504282304895302e-05, 2.2470913640651273e-05, 6.154849781940484e-05, 3.452581409428608e-05], "23": [6.12470289432172e-05, 8.504282304895302e-05, 2.2470913640651273e-05, 6.154849781940484e-05, 3.452581409428608e-05], "24": [6.12470289432172e-05, 8.504282304895302e-05, 2.2470913640651273e-05, 6.154849781940484e-05, 3.452581409428608e-05], "25": [6.12470289432172e-05, 8.504282304895302e-05, 2.2470913640651273e-05, 6.154849781940484e-05, 3.452581409428608e-05], "26": [6.12470289432172e-05, 8.504282304895302e-05, 2.2470913640651273e-05, 6.154849781940484e-05, 3.452581409428608e-05], "27": [6.12470289432172e-05, 8.504282304895302e-05, 2.2470913640651273e-05, 6.154849781940484e-05, 3.452581409428608e-05]}}
