{"T1": {"1": [0.00016120963262188933, 9.274366619758961e-05, 0.00011631688548023779, 3.6813098509006726e-05, 0.00010702855658143574], "2": [0.00010247734380519918, 0.00011345078055461073, 8.862638516869891e-05, 8.342553860679848e-05, 0.0001367631187349594], "3": [7.711940517044062e-05, 6.347414832154413e-05, 6.0970431412431685e-05, 0.00011244724487159047, 0.00010860590518236814], "4": [7.644097258991824e-05, 0.00010478619590062806, 7.398146271234797e-05, 0.00010937306600574788, 0.00012196077309193315], "5": [9.007050397007055e-05, 9.568700674390912e-05, 8.409215984152692e-05, 0.00010339390316781199, 0.00011372519590700488], "6": [9.670537776529244e-05, 9.085789803194975e-05, 6.153940202317839e-05, 0.00016006166860525723, 0.00015264504194833302], "7": [0.00014734589057246693, 8.22559073402304e-05, 0.00010256402826118436, 0.00016468136795821426, 9.635309006446667e-05], "8": [7.059062566149131e-05, 8.939804332150891e-05, 8.026005091614808e-05, 0.0001166861122835875, 7.576718852560223e-05], "9": [7.680429769025064e-05, 0.0001117893523464661, 9.27473878549607e-05, 0.00015627107559453235, 0.00013890884310325594], "10": [9.08177562502939e-05, 8.861484635043768e-05, 8.69750828508526e-05, 0.00012602990129139394, 8.203732654706876e-05], "11": [9.08177562502939e-05, 8.861484635043768e-05, 8.69750828508526e-05, 0.00012602990129139394, 8.203732654706876e-05], "12": [0.0001112951682690545, 0.00010430997902525199, 9.58333181148664e-05, 0.00011933760073187145, 9.435334515148851e-05], "13": [0.00012285435166908487, 9.927439893553458e-05, 9.464387696603592e-05, 0.00011620625655352527, 0.00014362558656925365], "14": [0.00010241090399815748, 0.0001007713281387903, 7.640083416274437e-05, 9.214392089123991e-05, 0.00010134828093661796], "15": [7.483411785875532e-05, 0.00011183974029671199, 0.00010773799524643292, 9.171230480294239e-05, 0.00010693265653028155], "16": [9.445565459977395e-05, 0.00010651755658441092, 9.438299040089425e-05, 7.937278752535196e-05, 0.00011986396614890303], "17": [8.332108228237819e-05, 0.00011244268246068836, 9.946925203224127e-05, 0.00012070956765245617, 0.0001230241704027053], "18": [0.00011272997039388947, 0.00010083501830514443, 4.574105301776015e-05, 4.4846739050392306e-05, 0.00010757543979438288], "19": [5.4068068620525276e-05, 0.00012850596535336168, 6.627286745095885e-05, 5.4427516204703364e-05, 9.782314348936041e-05], "20": [4.455885715235628e-05, 0.00014036964794889107, 7.117121262231807e-05, 4.524672257806687e-05, 0.00012070609186434642], "21": [9.763735504620272e-05, 0.00010236121032788517, 9.569287668202315e-05, 0.00010646553373965602, 8.787528226475639e-05], "22": [9.636506750853377e-05, 0.00011164000919379236, 9.427733785271952e-05, 0.000118291118867112, 0.00010634942266312676], "23": [8.628312477158364e-05, 0.0001029412259358062, 8.443877433866542e-05, 8.832915167393674e-05, 5.559981490551746e-05], "24": [8.628312477158364e-05, 0.0001029412259358062, 8.443877433866542e-05, 8.832915167393674e-05, 5.559981490551746e-05], "25": [9.717025183246664e-05, 0.0001371530492732119, 0.00010739571577939138, 4.2858470734818796e-05, 8.986244646716305e-05], "26": [6.761094102522542e-05, 0.0001369912571335634, 8.122824578346598e-05, 0.00010553628548833237, 6.092355290296148e-05], "27": [8.336115037714729e-05, 0.00013628615539420694, 7.703189643929729e-05, 3.412153080455136e-05, 0.00011554229030742922], "28": null, "29": null}, "T2": {"1": [0.00014389668541219208, 0.00011467417562745208, 7.298340449613852e-05, 7.276534382146637e-05, 0.0001300993529860359], "2": [0.0001502622363777483, 0.0001415713860920776, 4.8335872873814045e-05, 0.00013409190312095706, 0.00016303362054667097], "3": [9.618599876542283e-05, 8.632909711959343e-05, 5.594878132800168e-05, 0.00012939041228327269, 0.00011327457891514328], "4": [8.178955821628983e-05, 0.00013726793765951646, 6.883329091164735e-05, 0.00013005486311526497, 0.00012811652106889615], "5": [5.365472446675186e-05, 0.00012442228080536738, 5.799468226133031e-05, 0.00013225876252914346, 2.9617359663193658e-05], "6": [0.00014298651792452272, 0.00011863732998945232, 5.329034206571308e-05, 0.0002022022921817921, 0.00015563869304881017], "7": [0.00011443976142770888, 0.0001214489291519268, 5.732186585663763e-05, 0.00016990475987086628, 0.00011216420833174555], "8": [0.0001402582659548071, 0.00010692071667583284, 5.829995146900293e-05, 0.0001649893974880741, 0.00017898171596852482], "9": [0.00012546215131183832, 0.00012392742438855505, 5.899953007909693e-05, 0.00011680826340291123, 0.00012018796759242053], "10": [0.00012425755344506879, 0.00013344347353651413, 6.582545099864484e-05, 0.0001387114117482675, 0.0001499589443726645], "11": [0.00012425755344506879, 0.00013344347353651413, 6.582545099864484e-05, 0.0001387114117482675, 0.0001499589443726645], "12": [0.00013100791108211726, 0.000128654515432702, 7.007885021707792e-05, 0.00013260500640127046, 0.00015041834837678468], "13": [0.00016708713853021633, 0.00014726047562057067, 6.162557558109074e-05, 0.0001767123083963574, 0.00016570395445194826], "14": [0.0001350161689033583, 0.00013454583396257193, 6.353462749211294e-05, 0.00013291926218434355, 3.924452093342131e-05], "15": [0.00012575209269959623, 0.00011095520959280066, 5.8124254771481236e-05, 0.00012287366751888274, 0.0001446930364057156], "16": [0.00012625559353704563, 0.00011955707471000636, 6.152925935807407e-05, 0.00011442733350696885, 0.0001521669923616215], "17": [0.00012921015443289919, 0.00010225465384634005, 6.575418001746107e-05, 0.00012525749863070987, 0.00018357061265533681], "18": [0.00012270260794306016, 0.00014868293608406226, 5.6461386053104334e-05, 7.704561193744957e-05, 0.0001498128997440543], "19": [0.00013303600715354664, 0.00014620622020523254, 6.145745343310534e-05, 7.771830752292674e-05, 0.00015483679862506635], "20": [8.10452500661723e-05, 0.00012717821906344586, 3.697480342633698e-05, 7.790561870598717e-05, 0.00011147969037892389], "21": [0.00012468298251216961, 0.00012492609040437602, 6.637102769285508e-05, 0.00011881208324276289, 0.00016455961027823785], "22": [0.00013046301784452486, 0.00012353027049776915, 5.393787119463602e-05, 0.00012152551876851895, 0.00011835355158588248], "23": [0.0001294657931849232, 0.00010671688345475992, 6.181368934281895e-05, 0.00014133206316522778, 0.00010459414974453158], "24": [0.0001294657931849232, 0.00010671688345475992, 6.181368934281895e-05, 0.00014133206316522778, 0.00010459414974453158], "25": [0.00014123690954079033, 0.00014256011664800844, 4.837203748180208e-05, 0.00012733122471990884, 0.00015005866781907828], "26": [0.00011952676864282301, 0.00013651406396900489, 5.253674233995401e-05, 0.0001269959942134109, 9.29624517571127e-05], "27": [0.00011694698073821662, 0.0001241953026695235, 5.2673918431235824e-05, 9.581296272904146e-05, 0.00013072433628342095], "28": null, "29": null}}