{"T1": {"1": [0.00011630685806569794, 9.311763250300572e-05, 0.00018969463378355124, 0.00013683282023957326, 0.00014087124138376827, 0.00015423856691260771, 5.1775393001496944e-05], "2": [0.00011761531823689882, 0.00013884730383818464, 0.00020231309293059307, 0.00010444073136836046, 0.00012472576902935125, 0.0001276198305445002, 6.775471755452014e-05], "3": [7.451278286907555e-05, 8.488961315134481e-05, 0.00019240672746051105, 0.00010324169089627671, 5.5185520418030516e-05, 0.0001272920932049352, 9.908387859073084e-05], "4": [0.00012044768103763748, 0.0001185927857414613, 0.00017419067640365033, 3.137138607409747e-05, 0.00012385753721950258, 0.0001655628583081693, 0.00011754442561778235], "5": [0.00012514266941666608, 0.00011732177555710027, 0.000185693163047083, 9.903821008231743e-06, 3.91646711050574e-05, 0.000144660872681106, 0.00012087532395049247], "6": [8.760993146368969e-05, 0.00013988004200223326, 0.00016062647670805024, 0.00011388195570739188, 0.0001369115945418729, 0.00015726227216643669, 0.00014042668619318406], "7": [0.00012116905120983484, 0.00010888362593664237, 0.0001661318508020029, 0.00012126456821187405, 0.00010651014113717254, 0.00013250329892584538, 0.00011667512768899175], "8": [0.00011078089083932262, 9.890034554154495e-05, 0.0001954850128406033, 9.37508919246594e-05, 0.00013019682356006185, 0.00014253206316910817, 0.000130423538633132], "9": [7.08061944967393e-05, 7.690300699107258e-05, 0.00021733168987048772, 6.748691212139016e-05, 8.365522423215488e-05, 0.00011893060879965496, 0.00014108584516772955], "10": [0.00012268070913160046, 0.00013840061913193285, 0.00017878722494154748, 6.331762794375528e-05, 0.0001280296743894986, 0.00012859453192822875, 0.00010820021503472016], "11": [8.124906464548935e-05, 0.00015969641629041614, 0.00015840136235836317, 0.0001522495818131366, 0.00012140162336771251, 0.00015125306892840718, 0.00010207270955887487], "12": [7.621642401342192e-05, 8.540354690007673e-05, 0.00014165950670449976, 0.0001126711398827266, 0.00012210631580658235, 0.000120350953738, 0.0001282113855376093], "13": [8.35425512968545e-05, 6.966391212269881e-05, 0.00019886602975366203, 0.00010880262131682554, 0.00010576718655935684, 0.0001614154950804671, 0.00014119310822102653], "14": [0.00010172746394402935, 0.00011917776713083279, 0.00010643519487238192, 7.3522209482330085e-06, 0.000116775174800998, 0.00013040238830380196, 0.0001194328565783538], "15": [0.0001637921938042953, 0.00010928480976638825, 0.00013742100322632346, 0.00012405459877620753, 0.0001287272240346857, 0.00015486921667639902, 0.00016261351902661074], "16": [0.00012886665086747824, 0.00011425365640196378, 0.00017918757194210162, 7.081141644566239e-05, 6.90063078954537e-05, 0.00015424601643704755, 0.00012543707398909033], "17": [0.0001527724684143715, 9.607530231730425e-05, 0.00016515590751119057, 0.0001338533204425392, 0.00014673278024845732, 0.00013589830260207758, 0.00013030411323352602], "18": [0.00016086407238520095, 7.42557961860395e-05, 0.00014602460469979834, 0.00010196409544717867, 0.0001026370323331955, 0.00020134334158433348, 0.00011491416478974379], "19": [0.00013588005969924585, 8.821173265734752e-05, 0.00014690712619216977, 0.0001054552515094691, 0.00016647428902464664, 0.0001738909919182485, 4.006559215517129e-05], "20": [9.791030052979333e-05, 9.910607823692004e-05, 0.00011331716007725179, 8.448597927071088e-05, 6.06771548635244e-05, 0.00018064650074570626, 6.990983413301079e-05], "21": [0.00010476957682087629, 7.623557883230043e-05, 0.00012083909454569461, 0.00012051494794175584, 0.00011874715365322406, 0.00014852289592355474, 9.3703372990617e-05], "22": [0.00010091822171103369, 0.0001341639913079116, 0.00013194300017100425, 0.0001371572757922927, 0.00012746356923471608, 0.00010892582280951215, 0.00014386237666875944], "23": [0.00013692774813529749, 0.00011810958321787215, 0.00015962237031218746, 7.111926950755865e-05, 0.00010678636464314996, 0.00012966426475517323, 3.845136131764909e-05], "24": [0.00012756714169265005, 0.0001145470071692206, 0.00015510653900705252, 6.450340230033447e-05, 0.0001388168948320393, 0.00018422550103694446, 8.06162824169377e-05], "25": [0.00012359922761764075, 0.00010287793451854921, 9.101291611960269e-05, 0.00011384869959253611, 0.00013476782369633935, 9.715576953005811e-05, 5.8710581596359836e-05], "26": [0.00011968807858010948, 8.875155813408108e-05, 0.00012106076777632816, 0.0001345089668681127, 0.0001199393578890947, 0.00019113030522384714, 8.50643476236876e-05], "27": [0.0001438129842742969, 0.00014077822607113448, 0.00010131207361458648, 7.372163916083688e-05, 0.00010756454316099997, 0.000136476519252647, 2.8582122415336916e-05], "28": null, "29": null}, "T2": {"1": [4.743713177863552e-05, 3.1065141297653734e-05, 2.278357372982492e-05, 3.7064931084390804e-05, 9.782993505688202e-05, 3.6223693387096494e-05, 2.28603109643438e-05], "2": [4.102732183216713e-05, 2.860283456392889e-05, 2.0950463632502484e-05, 3.439877198746278e-05, 8.573355585507016e-05, 6.123426209293507e-05, 2.2146826953197147e-05], "3": [3.7741126416908974e-05, 2.5981169416212773e-05, 2.480035000984135e-05, 2.4800914416727294e-05, 9.620546566709666e-05, 5.133604050550843e-05, 2.011593477367842e-05], "4": [4.756006050809404e-05, 2.9726581244897065e-05, 2.1761179847150112e-05, 3.44677312552841e-05, 9.814069082014556e-05, 6.517407675662849e-05, 2.3691355865462777e-05], "5": [3.895778068551442e-05, 3.2042264011108984e-05, 2.063782949502317e-05, 3.8653762063055106e-05, 8.413792302054567e-05, 5.561188167114962e-05, 2.1072629558466296e-05], "6": [4.1903759622432456e-05, 2.834447156463041e-05, 2.2337443570121646e-05, 3.5399591933381086e-05, 7.973658866180311e-05, 5.761737004245082e-05, 2.0229745901863924e-05], "7": [4.3135823627234075e-05, 3.284512051646501e-05, 2.1725879564978895e-05, 3.855019624763049e-05, 9.128348933396738e-05, 4.9700196394224e-05, 2.1225347633008037e-05], "8": [3.968280035774363e-05, 2.884088659150508e-05, 2.318584484303707e-05, 3.331763410706734e-05, 8.881306309966489e-05, 5.432095842063099e-05, 2.3583458461252768e-05], "9": [4.632994244019718e-05, 2.642870070601303e-05, 2.0802749512155006e-05, 3.153227367973638e-05, 9.208095289343252e-05, 5.8037361375077425e-05, 2.115478507835228e-05], "10": [4.478020610216974e-05, 2.711854003220032e-05, 2.258545936953843e-05, 3.014421198267108e-05, 6.113237636243557e-05, 4.698038956624311e-05, 1.5597486446147476e-05], "11": [4.040255089392556e-05, 2.8143846552215035e-05, 2.2842991606513375e-05, 3.547044112274364e-05, 5.718120100473789e-05, 5.104475312261668e-05, 1.8524354107356557e-05], "12": [4.581390507516125e-05, 2.5650326134536173e-05, 2.287506989004871e-05, 3.502424304913856e-05, 7.742045114614857e-05, 5.048392382037864e-05, 1.1769699146109442e-05], "13": [4.231075166233289e-05, 2.390188794440833e-05, 2.1993271340962663e-05, 2.8503914214817976e-05, 6.594073973802498e-05, 4.9825227098439085e-05, 2.1627967803461227e-05], "14": [3.5794421735568976e-05, 2.293753771348614e-05, 2.2493907365669064e-05, 3.4003607231887616e-05, 0.00010004497809234775, 6.240447720142494e-05, 2.2865469864664828e-05], "15": [3.5794421735568976e-05, 2.293753771348614e-05, 2.2493907365669064e-05, 3.4003607231887616e-05, 0.00010004497809234775, 6.240447720142494e-05, 2.2865469864664828e-05], "16": [4.6833573722466017e-05, 2.6157088600814657e-05, 1.7451229913506012e-05, 3.3414119498517854e-05, 8.726889442335886e-05, 5.2754253924642926e-05, 2.206369479832951e-05], "17": [4.5460505916504404e-05, 2.635166484002389e-05, 2.3331791268486565e-05, 3.4437772774511336e-05, 8.07984589121519e-05, 5.0591945088537815e-05, 2.250669106097287e-05], "18": [4.500756184352084e-05, 2.9087583521905628e-05, 1.9463905171260764e-05, 4.278857097779024e-05, 0.00010327598233130827, 4.3320518069920715e-05, 1.5545677795640415e-05], "19": [4.31103863614789e-05, 3.354963425188114e-05, 2.197360027117677e-05, 3.330498258369858e-05, 5.3750926721354114e-05, 6.535529354640353e-05, 1.7743222750853986e-05],