{"T1": {"1": [0.00012225972297119742, 0.0001082397959964846, 5.1657932240669944e-05, 3.065780703527244e-05, 2.099853953385955e-05], "2": [0.00014215075201823055, 0.00012768987235312504, 7.055634852235199e-05, 8.968298606159029e-05, 1.3028268052219538e-05], "3": [9.258983117844023e-05, 3.3538850265373533e-05, 5.4267931144570676e-05, 2.3299995473166516e-05, 2.1509807308601067e-05], "4": [6.189547692267681e-05, 4.068840644077881e-05, 5.480255448076321e-05, 3.936652227615267e-05, 1.9006124604789198e-05], "5": [9.799178959389768e-05, 0.00012091302344258967, 4.818066326326157e-05, 3.993935316432591e-05, 2.067958944490016e-05], "6": [5.9125789020636296e-05, 8.852674294492067e-05, 8.149641825065157e-05, 3.430867044771979e-05, 1.622136215049634e-05], "7": [8.925155148010086e-05, 0.0001368746138064819, 8.700490391602964e-05, 3.4530569741948515e-05, 1.4765646288631848e-05], "8": [0.0001703128003881745, 0.00014113742990530507, 7.753327340498223e-05, 4.161096948235695e-05, 2.3249010634231262e-05], "9": [0.0001275481882970647, 0.0001267407675385005, 6.904301684205649e-05, 2.162379618497213e-05, 2.14305534278768e-05], "10": [8.058342804804908e-05, 0.00012153234922014883, 6.126057420892747e-05, 7.995358609530498e-05, 2.2779536644543307e-05], "11": [9.583727581634986e-05, 0.00011228842866971904, 8.866481903860856e-05, 8.42073811223348e-05, 2.0560480684680068e-05], "12": [5.35727018124332e-05, 5.502987457504674e-05, 7.793744793685098e-05, 0.00010686782640301716, 2.1340905682172392e-05], "13": [7.204009733031108e-05, 9.568856914432281e-05, 7.159844980822132e-05, 0.00010571727588411258, 2.1603102627351082e-05], "14": [0.0001383214923028096, 0.00012361891715336, 8.000479313371076e-05, 8.836638800053498e-05, 2.347526622730743e-05], "15": [5.161473924315365e-05, 8.011700568757051e-05, 7.988805550998358e-05, 9.685621518655127e-05, 1.3469086584004715e-05], "16": [4.482356630087993e-05, 6.0210031113312164e-05, 7.026345229323231e-05, 6.86013217120169e-05, 2.356613971481118e-05], "17": [0.00012667022481418447, 5.006837995352189e-05, 7.48312645288603e-05, 7.390837107983099e-05, 2.316602524218799e-05], "18": [0.0001248115901186453, 4.966134600772578e-05, 5.694109004085383e-05, 6.115337075202399e-05, 1.8009744420065805e-05], "19": [0.00012787042429094532, 0.00012615763528270096, 3.39400103714288e-05, 7.305489180459646e-05, 2.144909417897964e-05], "20": [0.0001464033726466436, 5.825272218556967e-05, 7.070066110579275e-05, 0.0001043186743208323, 2.1799538400942918e-05], "21": [0.0001390415807209279, 0.00011592116952423742, 5.882784233174551e-05, 7.953998660431359e-05, 1.492111400643984e-05], "22": [0.00011931842390527141, 0.0001491973149147078, 6.804488021787587e-05, 0.00011443455678090275, 2.2684867826638525e-05], "23": [0.00011931842390527141, 0.0001491973149147078, 6.804488021787587e-05, 0.00011443455678090275, 2.2684867826638525e-05], "24": [0.00015816173938558182, 0.00015263265655088732, 6.081937351982381e-05, 8.704123064919082e-05, 9.255693943477485e-06], "25": [0.00014274019811277754, 8.308804276966928e-05, 7.111475521903173e-05, 0.0001241203694237863, 1.7501553035041692e-05], "26": [4.009064628856228e-05, 7.577027557455864e-05, 2.7922290997079936e-05, 9.675191026737455e-05, 2.020543030941507e-05], "27": [4.009064628856228e-05, 7.577027557455864e-05, 2.7922290997079936e-05, 9.675191026737455e-05, 2.020543030941507e-05], "28": null, "29": null}, "T2": {"1": [0.00019811181442145283, 5.7661200828736144e-05, 9.389633588178306e-05, 5.86866241245762e-05, 2.4292989756339025e-05], "2": [0.0001859383875555347, 0.00012930367753874887, 0.00010770568801463108, 9.710599627644748e-05, 2.1986783316493086e-05], "3": [0.0001386468774181904, 7.458465358595e-05, 9.592694960480747e-05, 4.2133172481235604e-05, 3.3054566752507554e-05], "4": [0.00011916479889405074, 7.740418719207249e-05, 8.866393257247705e-05, 6.519507740106268e-05, 2.307197014238404e-05], "5": [0.00017526803589548379, 0.00012030914092114261, 8.586563941275022e-05, 4.24777272598255e-05, 1.7329301265252433e-05], "6": [0.00015662536278020158, 0.00010521510654081217, 0.00011913446127260464, 1.5015011552813743e-05, 2.017430316224456e-05], "7": [0.00010586945814902136, 9.86149860156407e-05, 0.00011657899056429816, 3.253687321278894e-05, 1.8541941242226044e-05], "8": [8.726642342720423e-05, 0.00013310784550861103, 9.30375131204348e-05, 2.1609182286141015e-05, 2.7153636435009e-05], "9": [0.00010653200904769882, 0.00015255485253430268, 8.437696001190848e-05, 2.0660695205552216e-05, 1.1454401558797396e-05], "10": [0.00010163563464579029, 0.0001505192089370822, 0.00010064406521429868, 0.00010854528012085116, 2.1033047019730794e-05], "11": [0.000124393414340445, 0.00014553587291409818, 0.00012026650456890457, 8.802582115353472e-05, 2.3965051526127916e-05], "12": [9.494729644211711e-05, 6.013847185122109e-05, 0.00012788427910685252, 0.00010329909060046058, 2.288402366579022e-05], "13": [0.00010376653532013044, 0.0001639372866474516, 0.00010938877746766573, 0.00010614895040799535, 2.4863113677201294e-05], "14": [0.00017263857830985426, 0.00011891503806759063, 0.00012757386599712592, 0.00011587762492865822, 2.3855483907943912e-05], "15": [0.00014951610782336158, 0.00015329456820945407, 0.00010399315893005121, 0.00010057100075977097, 1.8422151061979763e-05], "16": [0.00012281031426818672, 0.0001170339278879243, 9.824185301596767e-05, 7.095688347645171e-05, 1.2612903972189847e-05], "17": [0.00014229995188271892, 9.06620572682527e-05, 0.00013946433967633294, 9.17680987175632e-05, 2.3309602388813056e-05], "18": [0.00014028517322003885, 0.00014207019342930935, 0.00011801565050276, 7.229850087605879e-05, 2.0075453087669376e-05], "19": [0.00020252580374819292, 0.00011975887535934499, 8.7662748865243e-05, 8.486798134502556e-05, 1.9811350816226143e-05], "20": [0.00017822416142744175, 0.00010552991827903907, 8.565789448201715e-05, 9.347351503587517e-05, 1.3870022897803753e-05], "21": [0.0002563855684671571, 7.58326842270705e-05, 8.532892662740645e-05, 8.299205488477272e-05, 1.7984475997945655e-05], "22": [0.00013229250291277344, 0.00010280254757721934, 0.00011170062882149543, 7.672153079709558e-05, 1.9318848603533465e-05], "23": [0.00013229250291277344, 0.00010280254757721934, 0.00011170062882149543, 7.672153079709558e-05, 1.9318848603533465e-05], "24": [0.00018140401384802773, 0.00014674129109815584, 0.00010269413650410658, 0.00010760784705125185, 2.2322689392166875e-05], "25": [0.0002004720896323163, 0.0001276496261446397, 9.885606700937997e-05, 0.00011801239141783111, 2.1303692793348953e-05], "26": [0.00010523456863932955, 0.00013342831840919446, 8.973390013419159e-05, 0.00012676907475114258, 2.2468225412517396e-05], "27": [0.00010523456863932955, 0.00013342831840919446, 8.973390013419159e-05, 0.00012676907475114258, 2.2468225412517396e-05], "28": null, "29": null}}