{"T1": {"1": [9.405107252020628e-05, 7.82773664766026e-05, 8.415198843603803e-05, 0.00011925614619605643, 8.092008558276809e-05], "2": [7.780690825751665e-05, 6.879070443936121e-05, 0.00010424132044814238, 0.00011674394028734647, 0.00016920430014107096], "3": [6.988552293265397e-05, 7.368625873557387e-05, 9.118388145407675e-05, 6.58358633142282e-05, 2.0609228031750053e-05], "4": [6.988552293265397e-05, 7.368625873557387e-05, 9.118388145407675e-05, 6.58358633142282e-05, 2.0609228031750053e-05], "5": [2.0518394975915543e-05, 0.00011733300159700804, 8.011207341232088e-05, 0.00013519793513654777, 5.7498706410438836e-05], "6": [7.881417995806681e-05, 8.406207142516751e-05, 6.93999535680221e-05, 0.00012836083266927383, 3.995842238636814e-05], "7": [4.3968485929742946e-05, 9.53902250099005e-05, 0.00011670804356358969, 0.00010415170549675162, 9.540761970620965e-05], "8": [6.649176991088287e-05, 6.0271653538110544e-05, 6.471802362879206e-05, 0.00012557572502556338, 7.2257931212267e-05], "9": [8.178123710329575e-05, 8.498670364539961e-05, 0.00010311422093946448, 0.0001264100046473187, 7.965011082271073e-05], "10": [4.740086752132359e-05, 0.00010719649251415998, 9.522450320743654e-05, 7.126725831309423e-05, 6.385969141991405e-05], "11": [4.740086752132359e-05, 0.00010719649251415998, 9.522450320743654e-05, 7.126725831309423e-05, 6.385969141991405e-05], "12": [9.209288508144822e-05, 0.0001486454347287683, 0.00012068378842163242, 0.00012647905770447792, 9.64671687548198e-05], "13": [6.96813498984997e-05, 0.00011279394391737498, 0.00010474393558272345, 3.544253038537157e-05, 6.111335765193023e-05], "14": [9.203730825808047e-05, 0.00016122304425313506, 8.552022963382551e-05, 0.00013858211783104543, 7.795644847718129e-05], "15": [8.813003972361482e-05, 0.0001669874847754499, 0.00011104809637532811, 0.00010572199646927499, 4.642271426051502e-05], "16": [8.813003972361482e-05, 0.0001669874847754499, 0.00011104809637532811, 0.00010572199646927499, 4.642271426051502e-05], "17": [7.079819868275231e-05, 4.287207322644458e-05, 9.328499306144229e-05, 0.0001089381667292917, 6.043828816701472e-05], "18": [7.079819868275231e-05, 4.287207322644458e-05, 9.328499306144229e-05, 0.0001089381667292917, 6.043828816701472e-05], "19": [9.206009704980501e-05, 9.27561139348415e-05, 6.886177745701191e-05, 0.00010255108857264916, 5.1960354610082554e-05], "20": [9.286470595281346e-05, 0.00016427864559018452, 0.0001052730026063532, 0.0001257585117107097, 0.00010453443576170747], "21": [0.0001038748244338648, 0.00013147473948897854, 9.943252867118935e-05, 8.6042346551485e-05, 8.879683832475717e-05], "22": [6.52726279498779e-05, 0.000139566850770734, 9.084130572303313e-05, 0.00010354606207689072, 0.0001215484770895573], "23": [7.601190918141118e-05, 0.00010488464321420306, 0.00010895892528932728, 0.00011076676111190092, 9.046486936123702e-05], "24": [7.929583126273919e-05, 0.00011192792737395729, 9.779747342049013e-05, 0.00013845197905476304, 0.00012948291985155023], "25": [7.929583126273919e-05, 0.00011192792737395729, 9.779747342049013e-05, 0.00013845197905476304, 0.00012948291985155023], "26": [6.616040918205082e-05, 0.00013304859759147024, 0.0001223962328594505, 9.57174138796732e-05, 8.751681073615465e-05], "27": [6.2240706089378e-05, 0.00013540115737721987, 0.00011181623867003, 0.00011484072639439013, 0.00010792905442435226], "28": null, "29": null}, "T2": {"1": [0.0001554517873450967, 6.055730620236301e-05, 9.49081241271759e-05, 2.097941559139268e-05, 9.482561868413474e-05], "2": [9.200307841987768e-05, 6.304578591142984e-05, 0.00011631463834341336, 1.8987453300640073e-05, 0.00010930514799685102], "3": [0.00010966498346129092, 0.00010902525521230856, 9.441273220241647e-05, 1.7463383214269327e-05, 3.999093937213656e-05], "4": [0.00010966498346129092, 0.00010902525521230856, 9.441273220241647e-05, 1.7463383214269327e-05, 3.999093937213656e-05], "5": [4.5618898939000064e-05, 9.489865146230847e-05, 0.00010379142638920449, 1.98307303002246e-05, 8.867957537763875e-05], "6": [0.00011345369806355462, 0.00012368658010054575, 7.291055843328627e-05, 1.9964962345475092e-05, 6.364867080335355e-05], "7": [9.495158724501801e-05, 8.408343943328148e-05, 0.00014196602853946334, 1.9397252487066046e-05, 0.00011382667633890601], "8": [0.00011858807845321055, 0.00012071955556354594, 9.8827935068882e-05, 1.9301945279696553e-05, 9.674182368197525e-05], "9": [8.664775891084566e-05, 0.00010323732130030154, 0.00010049532341064353, 1.9547667124815535e-05, 9.946782720128809e-05], "10": [3.462732636120232e-05, 0.00011201965029558867, 0.00010462612208747954, 1.7619813721026584e-05, 7.711980413116734e-05], "11": [3.462732636120232e-05, 0.00011201965029558867, 0.00010462612208747954, 1.7619813721026584e-05, 7.711980413116734e-05], "12": [0.0001345902124428236, 0.0001589862058599377, 0.00010732164739918466, 2.0330029551834728e-05, 0.00011808972612939888], "13": [8.545230189893233e-05, 0.00012321027320020764, 7.921896192221973e-05, 1.7701757101284886e-05, 9.513679439463747e-05], "14": [0.00012254313215155044, 0.00010817708702826919, 9.479253254037882e-05, 2.0320341877545156e-05, 9.301468733472759e-05], "15": [0.00012188811706936646, 0.00014412636915171685, 0.0001119543901735908, 2.0805287926183653e-05, 3.0719792770680145e-05], "16": [0.00012188811706936646, 0.00014412636915171685, 0.0001119543901735908, 2.0805287926183653e-05, 3.0719792770680145e-05], "17": [0.00011450240572528617, 4.092944900712932e-05, 0.00010584123166629184, 1.9478923967990913e-05, 8.686254432019431e-05], "18": [0.00011450240572528617, 4.092944900712932e-05, 0.00010584123166629184, 1.9478923967990913e-05, 8.686254432019431e-05], "19": [0.00014226395275988997, 0.00013083968246665613, 8.730907948801574e-05, 1.968661393394907e-05, 6.492170466142991e-05], "20": [0.0001111289227817204, 0.00012605437539320584, 9.944585614073446e-05, 1.97844541470719e-05, 0.00012996411807055005], "21": [0.00011105863728693261, 0.00012472988822161124, 8.330092748165423e-05, 1.920968135224021e-05, 0.00011700068195815046], "22": [0.00010267782130346901, 0.0001232465749063286, 0.00011608117329899382, 2.0550083159783267e-05, 0.00013401085139145153], "23": [0.00012305032959624261, 0.0001053205674684623, 0.00010022553183746367, 2.0715231080359767e-05, 9.907534927597243e-05], "24": [8.11236332438426e-05, 0.00011812207890102626, 0.00013605523654849902, 2.0787178148746927e-05, 0.00012906807580092397], "25": [8.11236332438426e-05, 0.00011812207890102626, 0.00013605523654849902, 2.0787178148746927e-05, 0.00012906807580092397], "26": [6.110239471899833e-05, 0.0001358265623762631, 0.00013237589192868649, 2.0360404936398603e-05, 0.00014550660167085005], "27": [8.27112220066572e-05, 9.395992781402762e-05, 0.00012160567898253674, 1.9636531467786958e-05, 0.00014314706534411674], "28": null, "29": null}}